<?xml version="1.0" encoding="UTF-8"?>
<!-- language list: en, ja, de, fr, es, zh-Hans, zh-Hant  -->
<promptsale>
    <en>
        <headerTitle>62% OFF - Upgrade to VideoProc Full Version!</headerTitle>
        <headerSubTitle>You are using giveaway version now. Upgrade to full version to enjoy free lifetime upgrade.</headerSubTitle>
        <headerLinkTitle>Upgrade now &gt;&gt;</headerLinkTitle>
        <headerLink>https://www.videoproc.com/software/special-offers.htm</headerLink>
        <bodyTitle>Upgrade Benefits</bodyTitle>
        <bodyDetail>* Lifetime free upgrade to future versions\n* Priority tech support service\n* 30-day money back guarantee\n* Transaction protected</bodyDetail>
        <learnMoreLink>https://www.videoproc.com/software/special-offers.htm</learnMoreLink>
    </en>
    <de>
        <headerTitle>62% OFF - Auf VideoProc Vollversion upgraden!</headerTitle>
        <headerSubTitle>Von der Giveaway- auf die Vollversion upgraden, Gratis Lifetime-Upgrade genießen.</headerSubTitle>
        <headerLinkTitle>Jetzt upgraden &gt;&gt;</headerLinkTitle>
        <headerLink>https://www.videoproc.com/software/special-offers.htm</headerLink>
        <bodyTitle>Upgrade-Vorteile</bodyTitle>
        <bodyDetail>* Gratis Lifetime-Upgrade auf zukünftige Versionen\n* Vorrangig technische Unterstützung\n* 30-Tage Geld-zurück-Garantie\n* Geschützte Transaktionen</bodyDetail>
        <learnMoreLink>https://www.videoproc.com/software/special-offers.htm</learnMoreLink>
    </de>
    <zh-Hant>
        <headerTitle>節省62%--立即升級到VideoProc完整版！</headerTitle>
        <headerSubTitle>您正在使用限免版本，不支援免費升級。請購買完整版享受終生免費升級服務。</headerSubTitle>
        <headerLinkTitle>立即升級 &gt;&gt;</headerLinkTitle>
        <headerLink>https://www.videoproc.com/software/special-offers.htm</headerLink>
        <bodyTitle>完整版特點</bodyTitle>
        <bodyDetail>*終生免費升級至最新版，享受更多後續更新功能\n*優先技術支援，及時解決您任何使用問題\n*30天退款保障政策，無任何購買後顧之憂\n*交易安全保護，無任何隱私資料洩漏風險</bodyDetail>
        <learnMoreLink>https://www.videoproc.com/software/special-offers.htm</learnMoreLink>
    </zh-Hant>
</promptsale>
