[
 {"storeCode": 143441, "country3": "USA", "country2": "US", "language2": "EN", "language": "English", "season": "season", "country": "USA", "actor": "Actor", "director": "Director", "producer": "Producer", "screenwriter": "Screenwriter"},
 {"storeCode": 143460, "country3": "AUS", "country2": "AU", "language2": "EN", "language": "English", "season": "season", "country": "Australia", "actor": "Actor", "director": "Director", "producer": "Producer", "screenwriter": "Screenwriter"},
 {"storeCode": 143446, "country3": "BEL", "country2": "BE", "language2": "NL", "language": "Nederlands", "season": "", "country": "België", "actor": "Actor", "director": "Director", "producer": "Producer", "screenwriter": "Screenwriter"},
 {"storeCode": 143446, "country3": "BEL", "country2": "BE", "language2": "FR", "language": "Français", "season": "saison", "country": "Belgique", "actor": "Actor", "director": "Director", "producer": "Producer", "screenwriter": "Screenwriter"},
 {"storeCode": 143503, "country3": "BRA", "country2": "BR", "language2": "PT", "language": "Português", "season": "", "country": "Brasil", "actor": "Actor", "director": "Director", "producer": "Producer", "screenwriter": "Screenwriter"},
 {"storeCode": 143455, "country3": "CAN", "country2": "CA", "language2": "EN", "language": "English", "season": "season", "country": "Canada", "actor": "Actor", "director": "Director", "producer": "Producer", "screenwriter": "Screenwriter"},
 {"storeCode": 143455, "country3": "CAN", "country2": "CA", "language2": "FR", "language": "Français", "season": "saison", "country": "Canada", "actor": "Actor", "director": "Director", "producer": "Producer", "screenwriter": "Screenwriter"},
 {"storeCode": 143458, "country3": "DNK", "country2": "DK", "language2": "DA", "language": "Dansk", "season": "", "country": "Danmark", "actor": "Actor", "director": "Director", "producer": "Producer", "screenwriter": "Screenwriter"},
 {"storeCode": 143443, "country3": "DEU", "country2": "DE", "language2": "DE", "language": "Deutsch", "season": "staffel", "country": "Deutschland", "actor": "Schauspieler", "director": "Regisseur", "producer": "Produzent", "screenwriter": "Drehbuchautoren"},
 {"storeCode": 143454, "country3": "ESP", "country2": "ES", "language2": "ES", "language": "Español", "season": "", "country": "España", "actor": "Actor", "director": "Director", "producer": "Producer", "screenwriter": "Screenwriter"},
 {"storeCode": 143442, "country3": "FRA", "country2": "FR", "language2": "FR", "language": "Français", "season": "saison", "country": "France", "actor": "Actor", "director": "Director", "producer": "Producer", "screenwriter": "Screenwriter"},
 {"storeCode": 143448, "country3": "GRC", "country2": "GR", "language2": "HE", "language": "ελληνικά", "season": "", "country": "Greece", "actor": "Actor", "director": "Director", "producer": "Producer", "screenwriter": "Screenwriter"},
 {"storeCode": 143449, "country3": "IRL", "country2": "IE", "language2": "EN", "language": "English", "season": "season", "country": "Ireland", "actor": "Actor", "director": "Director", "producer": "Producer", "screenwriter": "Screenwriter"},
 {"storeCode": 143450, "country3": "ITA", "country2": "IT", "language2": "IT", "language": "Italiano", "season": "", "country": "Italia", "actor": "Attori", "director": "Regista", "producer": "Produttori", "screenwriter": "Sceneggiatori"},
 {"storeCode": 143462, "country3": "JPN", "country2": "JP", "language2": "JA", "language": "日本語", "season": "", "country": "日本", "actor": "Actor", "director": "Director", "producer": "Producer", "screenwriter": "Screenwriter"},
 {"storeCode": 143451, "country3": "LUX", "country2": "LU", "language2": "FR", "language": "Français", "season": "saison", "country": "Luxembourg", "actor": "Actor", "director": "Director", "producer": "Producer", "screenwriter": "Screenwriter"},
 {"storeCode": 143468, "country3": "MEX", "country2": "MX", "language2": "ES", "language": "Español", "season": "", "country": "Mexico", "actor": "Actor", "director": "Director", "producer": "Productor", "screenwriter": "Guionista"},
 {"storeCode": 143452, "country3": "NLD", "country2": "NL", "language2": "NL", "language": "Nederlands", "season": "", "country": "Nederland", "actor": "Actor", "director": "Director", "producer": "Producer", "screenwriter": "Screenwriter"},
 {"storeCode": 143461, "country3": "NZL", "country2": "NZ", "language2": "EN", "language": "English", "season": "season", "country": "New Zealand", "actor": "Actor", "director": "Director", "producer": "Producer", "screenwriter": "Screenwriter"},
 {"storeCode": 143457, "country3": "NOR", "country2": "NO", "language2": "NO", "language": "Norsk", "season": "", "country": "Norge", "actor": "Actor", "director": "Director", "producer": "Producer", "screenwriter": "Screenwriter"},
 {"storeCode": 143453, "country3": "PRT", "country2": "PT", "language2": "PT", "language": "Português", "season": "", "country": "Portugal", "actor": "Actor", "director": "Director", "producer": "Producer", "screenwriter": "Screenwriter"},
 {"storeCode": 143459, "country3": "CHE", "country2": "CH", "language2": "DE", "language": "Deutsch", "season": "staffel", "country": "Schweiz", "actor": "Actor", "director": "Director", "producer": "Producer", "screenwriter": "Screenwriter"},
 {"storeCode": 143459, "country3": "CHE", "country2": "CH", "language2": "FR", "language": "Français", "season": "saison", "country": "Suisse", "actor": "Actor", "director": "Director", "producer": "Producer", "screenwriter": "Screenwriter"},
 {"storeCode": 143447, "country3": "FIN", "country2": "FI", "language2": "FI", "language": "Suomi", "season": "", "country": "Suomi", "actor": "Actor", "director": "Director", "producer": "Producer", "screenwriter": "Screenwriter"},
 {"storeCode": 143456, "country3": "SWE", "country2": "SE", "language2": "SV", "language": "Svenska", "season": "", "country": "Sverige", "actor": "Actor", "director": "Director", "producer": "Producer", "screenwriter": "Screenwriter"},
 {"storeCode": 143444, "country3": "GBR", "country2": "GB", "language2": "EN", "language": "English", "season": "season", "country": "UK", "actor": "Actor", "director": "Director", "producer": "Producer", "screenwriter": "Screenwriter"},
 {"storeCode": 143469, "country3": "RUS", "country2": "RU", "language2": "RU", "language": "Pусский", "season": "сезон", "country": "Россия", "actor": "Актеры", "director": "Режиссер", "producer": "Продюсеры", "screenwriter": "Cценарист"}

]