{
  "Extension" : "3g2",
  "Quality" : 3,
  "ToDevice" : [

  ],
  "Video" : {
    "TrackNumLimit" : 1,
    "DefaultCodec" : "xvid",
    "Codecs" : [
      {
        "Aspect" : {
          "Presets" : [
            "keep original",
            "16:10",
            "16:9",
            "4:3",
            "3:2",
            "5:4",
            "5:3",
            "1:1",
            "2.21:1",
            "2.35:1",
            "2.39:1",
            "10:16",
            "9:16",
            "3:4",
            "2:3",
            "4:5",
            "3:5",
            "1:2.21",
            "1:2.35",
            "1:2.39"
          ],
          "Value" : "keep original",
          "Editable" : false
        },
        "Resolution" : {
          "Presets" : [
            "120x96",
            "176x144",
            "320x240",
            "352x288"
          ],
          "Modified" : false,
          "Value" : "320x240",
          "Editable" : false
        },
        "Bitrate" : {
          "Presets" : [
            "Auto Calculate",
            "Manual"
          ],
          "2PassEncode" : false,
          "Value" : "Auto Calculate",
          "Editable" : false,
          "Mode" : "CBR"
        },
        "BFrames" : {
          "Presets" : [
            "0",
            "1",
            "2",
            "3",
            "4",
            "5",
            "6",
            "7",
            "8",
            "9",
            "10",
            "11",
            "12",
            "13",
            "14",
            "15",
            "16"
          ],
          "Value" : "0",
          "Editable" : false
        },
        "GOP" : 250,
        "FrameRate" : {
          "Presets" : [
            "keep original",
            "12",
            "15",
            "20",
            "23.976",
            "24",
            "25",
            "29.97",
            "30"
          ],
          "Value" : "15",
          "Editable" : false
        },
        "Codec" : "xvid",
        "ProfileLevel" : {
          "Presets" : [
            "baseline",
            "main",
            "high"
          ],
          "Value" : "main",
          "Editable" : false,
          "Level" : "4.1"
        },
        "Limit" : {
          "MaxWidth" : 352,
          "MaxFrameRate" : 30,
          "MaxHeight" : 288,
          "MaxBitRate" : -1,
          "AllowBFrames" : -1,
          "AllowPassthrough" : 1
        }
      },
      {
        "Aspect" : {
          "Presets" : [
            "keep original",
            "16:10",
            "16:9",
            "4:3",
            "3:2",
            "5:4",
            "5:3",
            "1:1",
            "2.21:1",
            "2.35:1",
            "2.39:1",
            "10:16",
            "9:16",
            "3:4",
            "2:3",
            "4:5",
            "3:5",
            "1:2.21",
            "1:2.35",
            "1:2.39"
          ],
          "Value" : "keep original",
          "Editable" : false
        },
        "ProfileLevel" : {
          "Presets" : [
            "baseline"
          ],
          "Value" : "baseline",
          "Editable" : false,
          "Level" : "3.0"
        },
        "Bitrate" : {
          "Presets" : [
            "Auto Calculate",
            "Manual"
          ],
          "2PassEncode" : false,
          "Value" : "Auto Calculate",
          "Editable" : false,
          "Mode" : "CBR"
        },
        "BFrames" : {
          "Presets" : [
            "0"
          ],
          "Value" : "0",
          "Editable" : false
        },
        "GOP" : 250,
        "Codec" : "h.264",
        "FrameRate" : {
          "Presets" : [
            "12",
            "15",
            "20",
            "23.976",
            "24",
            "25",
            "29.97",
            "30"
          ],
          "Value" : "15",
          "Editable" : false
        },
        "Limit" : {
          "MaxWidth" : 352,
          "MaxFrameRate" : 30,
          "MaxHeight" : 288,
          "MaxBitRate" : -1,
          "AllowBFrames" : -1,
          "AllowPassthrough" : 1
        },
        "Resolution" : {
          "Presets" : [
            "120x96",
            "176x144",
            "320x240",
            "352x288"
          ],
          "Modified" : false,
          "Value" : "320x240",
          "Editable" : false
        }
      }
    ]
  },
  "ID" : 1000231,
  "Target" : "",
  "Comment" : "",
  "Summary" : {
    "Titles" : {
      "fr" : "Vidéo 3G2",
      "ko" : "3G2 Video",
      "zh-hant" : "3G2",
      "de" : "3G2 Video",
      "it" : "3G2 Video",
      "pt-pt" : "3G2 Video",
      "es" : "Vídeo 3G2",
      "en" : "3G2 Video",
      "zh-hans" : "3G2",
      "ja" : "3G2動画"
    },
    "ShortTitles" : {
      "fr" : "3G2",
      "ko" : "3G2",
      "zh-hant" : "3G2",
      "de" : "3G2",
      "it" : "3G2",
      "pt-pt" : "3G2",
      "es" : "3G2",
      "en" : "3G2",
      "zh-hans" : "3G2",
      "ja" : "3G2"
    },
    "AudioCodec" : "AAC",
    "Descriptions" : {
      "fr" : "3rd Generation Partnership Project (3GPP) Multimédia",
      "ko" : "3rd Generation Partnership Project (3GPP)멀티미디어",
      "zh-hant" : "3GP檔的另一種標準，主要用於CDMA手機",
      "de" : "3rd Generation Partnership Project (3GPP) Multimedia-Format",
      "it" : "3rd Generation Partnership Project (3GPP) multimedia",
      "pt-pt" : "Média de 3rd Generation Partnership Project (3GPP)",
      "es" : "Multimedia de Tercera Generación Asociación Proyecto (3GPP)",
      "en" : "3rd Generation Partnership Project (3GPP) Multi-Media format",
      "zh-hans" : "3rd Generation Partnership Project (3GPP) 多媒体",
      "ja" : "通常動画用 3G2 形式"
    },
    "Recommend" : false,
    "KeyWords" : "",
    "VideoCodec" : "XVID",
    "Resolution" : ""
  },
  "Audio" : {
    "TrackNumLimit" : 1,
    "DefaultCodec" : "aac",
    "CodecsPassthru" : [
      "aac",
      "mp3",
      "ac3",
      "dts",
      "dts-hd"
    ],
    "Codecs" : [
      {
        "Bitrate" : {
          "Presets" : [
            "160",
            "128",
            "112",
            "96",
            "80",
            "64",
            "56",
            "48"
          ],
          "Value" : "96",
          "Editable" : false
        },
        "SampleRate" : {
          "Presets" : [
            "48000",
            "44100",
            "32000",
            "22050"
          ],
          "Value" : "44100",
          "Editable" : false
        },
        "Channel" : {
          "Presets" : [
            "2"
          ],
          "Value" : "2",
          "Editable" : false
        },
        "Codec" : "aac"
      }
    ]
  },
  "Type" : "GenericVideo",
  "PadForce" : true,
  "PadValue" : true,
  "CustomProfile" : 0,
  "Subtitle" : {
    "TrackNumLimit" : 0,
    "AllowImageSubTrack" : false,
    "BurnedInDefault" : true
  }
}