{
  "Extension" : "aac",
  "Target" : "AAC",
  "ToDevice" : [
    "iTunes",
    "iPhone"
  ],
  "Quality" : 3,
  "Audio" : {
    "TrackNumLimit" : 1,
    "DefaultCodec" : "aac",
    "Codecs" : [
      {
        "Bitrate" : {
          "Presets" : [
            "320",
            "256",
            "224",
            "192",
            "160",
            "128",
            "112",
            "96",
            "80",
            "64",
            "48"
          ],
          "Value" : "320",
          "Editable" : false
        },
        "SampleRate" : {
          "Presets" : [
            "48000",
            "44100",
            "32000",
            "22050",
            "16000"
          ],
          "Value" : "44100",
          "Editable" : false
        },
        "Codec" : "aac",
        "TrackLimit" : 1,
        "Channel" : {
          "Presets" : [
            "2"
          ],
          "Value" : "2",
          "Editable" : false
        }
      }
    ]
  },
  "Comment" : "",
  "Summary" : {
    "Recommend" : false,
    "ShortTitles" : {
      "fr" : "AAC",
      "zh-hant" : "AAC",
      "de" : "AAC",
      "zh-hans" : "AAC",
      "es" : "AAC",
      "en" : "AAC",
      "ja" : "AAC"
    },
    "Descriptions" : {
      "fr" : "Codage Audio Avancé",
      "zh-hant" : "進階音訊編碼格式",
      "de" : "Advanced Audio Coding",
      "zh-hans" : "进阶音频编码格式",
      "es" : "Codificación avanzada de audio",
      "en" : "Advanced Audio Coding",
      "ja" : "AAC (Advanced Audio Coding)"
    },
    "AudioCodec" : "AAC",
    "KeyWords" : "",
    "Titles" : {
      "fr" : "AAC",
      "zh-hant" : "AAC",
      "de" : "AAC",
      "zh-hans" : "AAC",
      "es" : "AAC",
      "en" : "AAC",
      "ja" : "AAC"
    }
  },
  "Type" : "Music",
  "CustomProfile" : 0,
  "ID" : 1000015
}