{
  "Extension" : "aiff",
  "Target" : "AIFF",
  "ToDevice" : [
    "iTunes",
    "iPhone"
  ],
  "Quality" : 3,
  "Audio" : {
    "TrackNumLimit" : 1,
    "DefaultCodec" : "PCM",
    "Codecs" : [
      {
        "Bitrate" : {
          "Presets" : [
            "256",
            "224",
            "192",
            "160",
            "128",
            "112",
            "96",
            "80",
            "64",
            "48"
          ],
          "Value" : "128",
          "Editable" : false
        },
        "SampleRate" : {
          "Presets" : [
            "48000",
            "44100",
            "32000",
            "22050"
          ],
          "Value" : "44100",
          "Editable" : false
        },
        "Codec" : "PCM",
        "TrackLimit" : 1,
        "Channel" : {
          "Presets" : [
            "2"
          ],
          "Value" : "2",
          "Editable" : false
        }
      }
    ]
  },
  "Comment" : "",
  "Summary" : {
    "Recommend" : false,
    "ShortTitles" : {
      "fr" : "AIFF",
      "ko" : "AIFF",
      "zh-hant" : "AIFF",
      "de" : "AIFF",
      "it" : "AIFF",
      "pt-pt" : "AIFF",
      "es" : "AIFF",
      "en" : "AIFF",
      "zh-hans" : "AIFF",
      "ja" : "AIFF"
    },
    "Descriptions" : {
      "fr" : "Format AIFF pour Apple",
      "ko" : "Apple 사용의 AIFF오디오 포맷",
      "zh-hant" : "由Apple從IFF檔案格式開發而成",
      "de" : "Natives Dateiformat für Apple Macintosh",
      "it" : "Formato audio AIFF utilizzato da Apple",
      "pt-pt" : "Formato de audio de AIFF usado por Apple",
      "es" : "Formato de audio AIFF usado por Apple",
      "en" : "Apple Macintosh native file format",
      "zh-hans" : "由Apple从IFF开发而成的音频格式",
      "ja" : "Apple用AIFFファイル形式"
    },
    "AudioCodec" : "PCM",
    "KeyWords" : "",
    "Titles" : {
      "fr" : "AIFF",
      "ko" : "AIFF",
      "zh-hant" : "AIFF",
      "de" : "AIFF",
      "it" : "AIFF",
      "pt-pt" : "AIFF",
      "es" : "AIFF",
      "en" : "AIFF",
      "zh-hans" : "AIFF",
      "ja" : "AIFF"
    }
  },
  "Type" : "Music",
  "CustomProfile" : 0,
  "ID" : 1000017
}