{
  "Extension" : "caf",
  "Target" : "CAF",
  "ToDevice" : [
    "iTunes",
    "iPhone"
  ],
  "Quality" : 3,
  "Audio" : {
    "TrackNumLimit" : 1,
    "DefaultCodec" : "adpcm",
    "Codecs" : [
      {
        "Bitrate" : {
          "Presets" : [
            "256",
            "224",
            "192",
            "160",
            "128",
            "112",
            "96",
            "80",
            "64",
            "48"
          ],
          "Value" : "128",
          "Editable" : false
        },
        "SampleRate" : {
          "Presets" : [
            "48000",
            "44100",
            "32000",
            "22050",
            "16000"
          ],
          "Value" : "44100",
          "Editable" : false
        },
        "Codec" : "adpcm",
        "TrackLimit" : 1,
        "Channel" : {
          "Presets" : [
            "2"
          ],
          "Value" : "2",
          "Editable" : false
        }
      }
    ]
  },
  "Comment" : "",
  "Summary" : {
    "Recommend" : false,
    "ShortTitles" : {
      "fr" : "CAF",
      "ko" : "CAF",
      "zh-hant" : "CAF",
      "de" : "CAF",
      "it" : "CAF",
      "pt-pt" : "CAF",
      "es" : "CAF",
      "en" : "CAF",
      "zh-hans" : "CAF",
      "ja" : "CAF"
    },
    "Descriptions" : {
      "fr" : "Format CAF d’Apple",
      "ko" : "Apple CAF 오디오 포맷",
      "zh-hant" : "Apple CAF音訊檔案格式",
      "de" : "Apple Core Audio Format",
      "it" : "Apple CAF audio formato",
      "pt-pt" : "Formato de audio Apple CAF",
      "es" : "Formatos de audio de Apple CAF",
      "en" : "Apple Core Audio format",
      "zh-hans" : "Apple CAF音频格式",
      "ja" : "Apple CAFオーディオ形式"
    },
    "AudioCodec" : "ADPCM",
    "KeyWords" : "",
    "Titles" : {
      "fr" : "CAF",
      "ko" : "CAF",
      "zh-hant" : "CAF",
      "de" : "CAF",
      "it" : "CAF",
      "pt-pt" : "CAF",
      "es" : "CAF",
      "en" : "CAF",
      "zh-hans" : "CAF",
      "ja" : "CAF"
    }
  },
  "Type" : "Music",
  "CustomProfile" : 0,
  "ID" : 1000010
}