{
    "Version" : "1003",
    "MainCategories" : [
                        "Frequently_Profile_Class",
                        "Device_Profile_Class",
                        "WebVideo_Profile_Class",
                        "General_Profile_Class"
                        ],
    "SubCategories" : {
        "DVDProfile" : {
            "Titles" : {
                "fr" : "Vidéo DVD",
                "ko" : "DVD비디오",
                "zh-hant" : "DVD檔案預設",
                "de" : "DVD Video",
                "it" : "DVD video",
                "pt-pt" : "Vídeo de DVD",
                "es" : "DVD vídeo",
                "en" : "DVD Profile",
                "zh-hans" : "DVD输出配置",
                "ja" : "DVD動画"
            },
            "Profiles" : [
                          "to_DVD_VOB_Video_NTSC_Profile.json",
                          "to_DVD_VOB_Video_PAL_Profile.json"
                          ],
            "Icon" : "dvd_backup_nor"
        },
        "toSamsungMobileVideo" : {
            "Titles" : {
                "fr" : "Vidéo Portable Sumsung",
                "ko" : "삼성 핸드폰 비디오",
                "zh-hant" : "Samsung手機",
                "de" : "Samsung Mobile Video",
                "it" : "Samsung cellulare video",
                "pt-pt" : "Vídeo de telemóvel de Samsung",
                "es" : "Video de Samsung móvil",
                "en" : "to Samsung Mobile Video",
                "zh-hans" : "Samsung手机",
                "ja" : "Samsung モバイル動画"
            },
            "Profiles" : [
                          "to_Samsung_General_Mobile_Profile.json",
                          "to_Samsung_Galaxy_S9_Profile.json",
                          "to_Samsung_Galaxy_S8_Profile.json",
                          "to_Samsung_Galaxy_Note8_H264_Profile.json",
                          "to_Samsung_Galaxy_Note5edge_H264_Profile.json",
                          "to_Samsung_Galaxy_A8_Profile.json",
                          "to_Samsung_Galaxy_A57_Profile.json",
                          "to_Samsung_Galaxy_J57_Profile.json"
                          ],
            "Icon" : "to_samsung_mobile_video_nor"
        },
        "toLenovoPadVideo" : {
            "Titles" : {
                "fr" : "Vidéo Tablette Lenovo",
                "ko" : "레노버 태블릿 비디오",
                "zh-hant" : "Lenovo平板影片",
                "de" : "Lenovo Pad Video",
                "it" : "Lenovo Tablet video",
                "pt-pt" : "Vídeo de pad de LENOVO",
                "es" : "Video de Lenovo Pad",
                "en" : "to Lenovo Pad Video",
                "zh-hans" : "Lenovo平板视频",
                "ja" : "Lenovo Pad動画"
            },
            "Profiles" : [
                          "to_Pad_Lenovo_General_Pad_Profile.json",
                          "to_Pad_Lenovo_Tab_H264_Profile.json",
                          "to_Pad_Lenovo_Tab3_H264_Profile.json",
                          "to_Pad_Lenovo_Tab4_H264_Profile.json",
                          "to_Pad_Lenovo_Thinkpad_H264_Profile.json",
                          "to_Pad_Lenovo_Yoga_H264_Profile.json",
                          "to_Pad_Lenovo_Flex_H264_Profile.json",
                          "to_Pad_Lenovo_Miix_H264_Profile.json"
                          ],
            "Icon" : "to_lenovo_pad_video_nor"
        },
        "toSamsungPadVideo" : {
            "Titles" : {
                "fr" : "Vidéo Tablette Sumsung",
                "ko" : "삼성 태블릿 컴퓨터 비디오",
                "zh-hant" : "Samsung平板",
                "de" : "Samsung Pad Video",
                "it" : "Samsung Tablet PC video",
                "pt-pt" : "Vídeo de PC pad de Samsung",
                "es" : "Video de Samsung Pad",
                "en" : "to Samsung Pad Video",
                "zh-hans" : "Samsung平板",
                "ja" : "Samsung Pad動画"
            },
            "Profiles" : [
                          "to_Pad_Samsung_General_Profile.json",
                          "to_Pad_Samsung_Galaxy_TabS_H264_Profile.json",
                          "to_Pad_Samsung_Galaxy_TabA_H264_Profile.json",
                          "to_Pad_Samsung_Galaxy_TabE_H264_Profile.json",
                          "to_Pad_Samsung_Galaxy_BOOK_H264_Profile.json"
                          ],
            "Icon" : "to_samsung_pad_video_nor"
        },
        "HuaweiDevice" : {
            "Titles" : {
                "fr" : "Périphérique Huawei",
                "ko" : "Huawei 핸드헬드 장치",
                "zh-hant" : "Huawei",
                "de" : "Huawei Mobile",
                "it" : "Huawei dispositivo portabile",
                "pt-pt" : "Dispositivo portátil de Huawei",
                "es" : "Dispositivo de Huawei",
                "en" : "Huawei Device",
                "zh-hans" : "Huawei设备",
                "ja" : "Huawei デバイス"
            },
            "Profiles" : [
                          "toHuaweiMobileVideo",
                          "toHuaweiPadVideo"
                          ],
            "Icon" : "huawei"
        },
        "toLGMobileVideo" : {
            "Titles" : {
                "fr" : "Vidéo Portable LG",
                "ko" : "LG 핸드폰 비디오",
                "zh-hant" : "LG手機影片",
                "de" : "LG Mobile Video",
                "it" : "LG cellulare video",
                "pt-pt" : "Video de telemóvel de LG",
                "es" : "Video de LG móvil",
                "en" : "to LG Mobile Video",
                "zh-hans" : "LG手机视频",
                "ja" : "LGモバイル動画"
            },
            "Profiles" : [
                          "to_LG_General_Mobile_Profile.json",
                          "to_LG_V30_Profile.json",
                          "to_LG_G6_Profile.json",
                          "to_LG_Nexus_5X_Profile.json",
                          "to_LG_Stylus_2_Profile.json",
                          "to_LG_K10_Profile.json",
                          "to_LG_X_Profile.json"
                          ],
            "Icon" : "lg"
        },
        "toHuaweiPadVideo" : {
            "Titles" : {
                "fr" : "Vidéo Tablette Huawei",
                "ko" : "HUAWEI 태블릿 비디오",
                "zh-hant" : "Huawei平板",
                "de" : "Huawei Pad Video",
                "it" : "Huawei Tablet video",
                "pt-pt" : "Vídeo de pad de Huawei",
                "es" : "Video de Huawei Pad",
                "en" : "to Huawei Pad Video",
                "zh-hans" : "Huawei平板",
                "ja" : "Huawei Pad動画"
            },
            "Profiles" : [
                          "to_Huawei_Pad_Profile.json",
                          "to_Pad_Huawei_MediaPad_M35_h264_Profile.json",
                          "to_Pad_Huawei_MediaPad_T23_h264_Profile.json",
                          "to_Pad_Huawei_MediaPad10_H264_Profile.json"
                          ],
            "Icon" : "to_huawei_pad_nor"
        },
        "toXperiaVideo" : {
            "Titles" : {
                "fr" : "Vidéo Xperia",
                "ko" : "Xperia 비디오",
                "zh-hant" : "Xperia影片",
                "de" : "Xperia Video",
                "it" : "Xperia video",
                "pt-pt" : "Vídeo Xperia",
                "es" : "Video de Xperia",
                "en" : "Xperia Video",
                "zh-hans" : "Xperia视频",
                "ja" : "Xperia動画"
            },
            "Profiles" : [
                          "to_Sony_Xperia_10_10P_H264_Profile.json",
                          "to_Sony_XperiaXZ_H264_Profile.json",
                          "to_Sony_XperiaXA_H264_Profile.json",
                          "to_Sony_Xperia_Z_H264_Profile.json",
                          "to_Sony_Xperia_X_H264_Profile.json",
                          "to_Pad_Sony_Xperia_Tablet_H264_Profile.json"
                          ],
            "Icon" : "xperia_s_nor"
        },
        "General_Profile_Class" : {
            "Titles" : {
                "fr" : "Profil Vidéo Général",
                "ko" : "흔히 볼 수 있는 비디오 사양",
                "zh-hant" : "常見的影片預設",
                "zh-hans" : "常见的视频配置",
                "de" : "Gängige Videoprofile",
                "it" : "Profilo Video comune",
                "pt-pt" : "Perfil de vídeo comum",
                "en" : "Common Video Profile",
                "es" : "Perfiles comunes",
                "ja" : "通常の動画プロファイル"
            },
            "Profiles" : [
                          "GeneralVideo",
                          "DVDProfile",
                          "HDVideo",
                          "TVVideo",
                          "Tools"
                          ],
            "Icon" : ""
        },
        "toAcerMobileVideo" : {
            "Titles" : {
                "fr" : "Vidéo Portable Acer",
                "ko" : "에이서 핸드폰 비디오",
                "zh-hant" : "Acer手機影片",
                "de" : "Acer Mobile Video",
                "it" : "Acer cellulare video",
                "pt-pt" : "Vídeo de telemóvel de Acer",
                "es" : "Video de Acer móvil",
                "en" : "to Acer Mobile Video",
                "zh-hans" : "Acer手机视频",
                "ja" : "Acer モバイル動画"
            },
            "Profiles" : [
                          "to_Acer_General_Mobile_Profile.json",
                          "to_Acer_LiquidZ_H264_Profile.json",
                          "to_Acer_IconiaTalkS_H264_Profile.json"
                          ],
            "Icon" : "to_acer_mobile_video_nor"
        },
        "toHTCPadVideo" : {
            "Titles" : {
                "fr" : "Vidéo Tablette HTC",
                "ko" : "HTC태블릿 컴퓨터 비디오",
                "zh-hant" : "HTC平板影片",
                "de" : "HTC Pad Video",
                "it" : "HTC Tablet video",
                "pt-pt" : "Vídeo de PC pad de HTC",
                "es" : "Video de HTC Pad",
                "en" : "to HTC Pad Video",
                "zh-hans" : "HTC平板视频",
                "ja" : "HTC Pad動画"
            },
            "Profiles" : [
                          "to_Pad_HTC_General_Pad_Profile.json",
                          "to_Pad_HTC_Jetstream_H264_Profile.json",
                          "to_Pad_HTC_Flyer_H264_Profile.json",
                          "to_Pad_HTC_EVO_View4G_H264_Profile.json"
                          ],
            "Icon" : "to_htc_pad_video_nor"
        },
        "toFinalCutProVideo" : {
            "Titles" : {
                "fr" : "Vidéo Final Cut Pro",
                "ko" : "Final Cut Pro비디오",
                "zh-hant" : "Final Cut Pro影片",
                "de" : "Final Cut Pro Video",
                "it" : "Final Cut Pro video",
                "pt-pt" : "Vídeo de Final Cut Pro",
                "es" : "Video de Final Cut Pro",
                "en" : "to Final Cut Pro Video",
                "zh-hans" : "Final Cut Pro视频",
                "ja" : "Final Cut Pro 動画"
            },
            "Profiles" : [
                          "to_Apple_FinalCutPro_h264_Profile.json",
                          "to_Apple_FinalCutPro_mpeg4_Profile.json"
                          ],
            "Icon" : "to_final_cut_pro_video_nor"
        },
        "toiTunesVideo" : {
            "Titles" : {
                "fr" : "Vidéo iTunes",
                "ko" : "iTunes비디오",
                "zh-hant" : "iTunes影片",
                "de" : "iTunes Video",
                "it" : "iTunes video",
                "pt-pt" : "Vídeo de iTunes",
                "es" : "Vídeo de iTunes",
                "en" : "to iTunes Video",
                "zh-hans" : "iTunes视频",
                "ja" : "iTunes動画"
            },
            "Profiles" : [
                          "to_Apple_iTunes_h264_Profile.json",
                          "to_Apple_iTunes_mpeg4_Profile.json"
                          ],
            "Icon" : "to_itunes_video_nor"
        },
        "AndroidPad" : {
            "Titles" : {
                "fr" : "Tablette Android",
                "ko" : "Android태블릿",
                "zh-hant" : "Android平板",
                "de" : "Android Pad",
                "it" : "Android Tablet",
                "pt-pt" : "Pad de Android",
                "es" : "Android Pad",
                "en" : "Android Pad",
                "zh-hans" : "Android平板",
                "ja" : "Android Pad"
            },
            "Profiles" : [
                          "toGeneralPadVideo",
                          "toHTCPadVideo",
                          "toAmazonVideo",
                          "toGooglePadVideo",
                          "toLenovoPadVideo",
                          "toAcerPadVideo",
                          "toAsusPadVideo"
                          ],
            "Icon" : "android_pad"
        },
        "FacebookVideo" : {
            "Titles" : {
                "fr" : "Vidéo Facebook",
                "ko" : "Facebook비디오",
                "zh-hant" : "Facebook",
                "de" : "Facebook Video",
                "it" : "Facebook video",
                "pt-pt" : "Vídeo de Facebook",
                "es" : "Video de Facebook",
                "en" : "Facebook Video",
                "zh-hans" : "Facebook",
                "ja" : "Facebook動画"
            },
            "Profiles" : [
                          "to_Facebook_MP4_MPEG4_Profile.json",
                          "to_Facebook_MOV_MPEG4_Profile.json",
                          "to_Facebook_AVI_DivX_Profile.json",
                          "to_Facebook_flv_Profile.json"
                          ],
            "Icon" : "facebook_video_nor"
        },
        "SonyDevice" : {
            "Titles" : {
                "fr" : "Périphérique Sony",
                "ko" : "소니 핸드헬드 장치",
                "zh-hant" : "Sony",
                "de" : "Sony Mobile",
                "it" : "Sony dispositivo",
                "pt-pt" : "Dispositivo portável de Sony",
                "es" : "Dispositivo de Sony",
                "en" : "Sony Device",
                "zh-hans" : "Sony设备",
                "ja" : "Sony デバイス"
            },
            "Profiles" : [
                          "toPS4Video",
                          "toPS3Video",
                          "toPSVitaVideo",
                          "toPSPVideo",
                          "toXperiaVideo"
                          ],
            "Icon" : "sony_device"
        },
        "toHuaweiMobileVideo" : {
            "Titles" : {
                "fr" : "Vidéo Portable Huawei",
                "ko" : "HUAWEI 핸드폰 비디오",
                "zh-hant" : "Huawei手機",
                "de" : "Huawei Mobile Video",
                "it" : "Huawei cellulare video",
                "pt-pt" : "Vídeo de telemóvel de Huawei",
                "es" : "Video de Huawei móvil",
                "en" : "to Huawei Mobile Video",
                "zh-hans" : "Huawei手机",
                "ja" : "Huawei モバイル動画"
            },
            "Profiles" : [
                          "to_Huawei_Mobile_Profile.json",
                          "to_Huawei_Mate_Profile.json",
                          "to_Huawei_P_Profile.json",
                          "to_Huawei_Nova_Profile.json",
                          "to_Huawei_Honor_Profile.json",
                          "to_Huawei_Ascend_Profile.json",
                          "to_Huawei_G_Profile.json",
                          "to_Huawei_Y_Profile.json"
                          ],
            "Icon" : "to_huawei_mobile_nor"
        },
        "Device_Profile_Class" : {
            "Titles" : {
                "fr" : "Profil Portable",
                "ko" : "핸드헬드 장치 사양",
                "zh-hant" : "行動裝置預設",
                "zh-hans" : "智能设备配置",
                "de" : "Videoprofile für mobile Geräte",
                "it" : "Profilo Video per dispositivo mobile",
                "pt-pt" : "Perfil de equipamento móvel",
                "en" : "Mobile Video Profile",
                "es" : "Configuración de dispositivos",
                "ja" : "デバイスプロファイル"
            },
            "Profiles" : [
                          "AppleDevice",
                          "HuaweiDevice",
                          "SamsungDevice",
                          "AndroidPad",
                          "AndroidMobile",
                          "MicrosoftDevice",
                          "SonyDevice"
                          ],
            "Icon" : ""
        },
        "toiPadVideo" : {
            "Titles" : {
                "fr" : "Vidéo iPad",
                "ko" : "iPad비디오",
                "zh-hant" : "iPad影片",
                "de" : "iPad Video",
                "it" : "iPad video",
                "pt-pt" : "Vídeo de iPad",
                "es" : "Video de iPad",
                "en" : "to iPad Video",
                "zh-hans" : "iPad视频",
                "ja" : "iPad動画"
            },
            "Profiles" : [
                          "to_iPadPro_h264_Profile.json",
                          "to_iPadAir3_h264_Profile.json",
                          "to_iPadAir2_h264_Profile.json",
                          "to_iPadAir_h264_Profile.json",
                          "to_iPadmini3_h264_Profile.json",
                          "to_iPadmini2_h264_Profile.json",
                          "to_iPadmini_h264_Profile.json",
                          "to_iPad3_h264_Profile.json"
                          ],
            "Icon" : "to_ipad_video_nor"
        },
        "toAmazonVideo" : {
            "Titles" : {
                "fr" : "Vidéo Amazon",
                "ko" : "Amazon비디오",
                "zh-hant" : "Amazon平板影片",
                "de" : "Amazon Video",
                "it" : "Amazon video",
                "pt-pt" : "Vídeo de Amazon",
                "es" : "Video de Amazon",
                "en" : "to Amazon Video",
                "zh-hans" : "Amazon平板视频",
                "ja" : "アマゾン動画"
            },
            "Profiles" : [
                          "to_Amazon_General_Pad_Profile.json",
                          "to_Amazon_Fire7_H264_Profile.json",
                          "to_Amazon_FireHD8_H264_Profile.json",
                          "to_Amazon_FireHD10_H264_Profile.json"
                          ],
            "Icon" : "to_amazon_video_nor"
        },
        "toXboxVideo" : {
            "Titles" : {
                "fr" : "Vidéo Xbox",
                "ko" : "Xbox비디오",
                "zh-hant" : "Xbox影片",
                "de" : "Xbox Video",
                "it" : "Xbox video",
                "pt-pt" : "Vídeo Xbox",
                "es" : "Video de Xbox",
                "en" : "to Xbox Video",
                "zh-hans" : "Xbox视频",
                "ja" : "Xbox動画"
            },
            "Profiles" : [
                          "to_Microsoft_MP4_Xbox_Profile.json",
                          "to_Microsoft_H264_Xbox_OneS.json",
                          "to_Microsoft_H264_Xbox_OneX.json",
                          "to_Microsoft_H264_Xbox_One_Profile.json",
                          "to_Microsoft_H264_Xbox_360_Profile.json"
                          ],
            "Icon" : "to_xbox_video_nor"
        },
        "toPSVitaVideo" : {
            "Titles" : {
                "fr" : "Vidéo PlayStation Vita",
                "ko" : "PlayStation Vita 비디오",
                "zh-hant" : "PlayStation Vita影片",
                "de" : "PlayStation Vita Video",
                "it" : "PlayStation Vita video",
                "pt-pt" : "Vídeo PlayStation Vita",
                "es" : "Video de PlayStation Vita",
                "en" : "PlayStation Vita Video",
                "zh-hans" : "PlayStation Vita视频",
                "ja" : "PlayStation Vita 動画"
            },
            "Profiles" : [
                          "to_Sony_PSVita_H264_Profile.json"
                          ],
            "Icon" : "to_psp_video_nor"
        },
        "HDVideo" : {
            "Titles" : {
                "fr" : "Vidéo HD",
                "ko" : "HD비디오",
                "zh-hant" : "HD影片",
                "de" : "Hi-Fi Video",
                "it" : "HD video",
                "pt-pt" : "Vídeo HD",
                "es" : "Vídeo de alta definición",
                "en" : "HD Video",
                "zh-hans" : "高清视频",
                "ja" : "HD動画"
            },
            "Profiles" : [
                          "to_TSHD_Video_MPEG2_Profile.json",
                          "to_MP4HD_Video_H264_Profile.json",
                          "to_MKVHD_Video_H264_Profile.json",
                          "to_MPEGHD_Video_MPEG2_Profile.json"
                          ],
            "Icon" : "to_hdmovies_nor"
        },
        "VimeoVideo" : {
            "Titles" : {
                "fr" : "Vidéo Vimeo",
                "ko" : "Vimeo비디오",
                "zh-hant" : "Vimeo",
                "de" : "Vimeo Video",
                "it" : "Vimeo video",
                "pt-pt" : "Vídeo de Vimeo",
                "es" : "Video de Vimeo",
                "en" : "Vimeo Video",
                "zh-hans" : "Vimeo",
                "ja" : "Vimeo動画"
            },
            "Profiles" : [
                          "to_Vimeo_MP4_h264_Profile.json"
                          ],
            "Icon" : "vimeo_video_nor"
        },
        "toiPodVideo" : {
            "Titles" : {
                "fr" : "Vidéo iPod",
                "ko" : "iPad비디오",
                "zh-hant" : "iPod影片",
                "de" : "iPod Video",
                "it" : "iPod video",
                "pt-pt" : "Vídeo de iPod",
                "es" : "Video de iPod",
                "en" : "to iPod Video",
                "zh-hans" : "iPod视频",
                "ja" : "iPod動画"
            },
            "Profiles" : [
                          "to_iPod5_h264_Profile.json",
                          "to_iPod4_h264_Profile.json",
                          "to_iPod_h264_Profile.json",
                          "to_iPod_Nano_h264_Profile.json",
                          "to_iPod_Classic_h264_Profile.json"
                          ],
            "Icon" : "to_ipod_video_nor"
        },
        "AndroidMobile" : {
            "Titles" : {
                "fr" : "Périphérique Mobil Android",
                "ko" : "Android이동장비",
                "zh-hant" : "Android手機",
                "de" : "Android Mobile",
                "it" : "Android dispositivo mobile",
                "pt-pt" : "Dispositivo móvel de Android",
                "es" : "Android Mobile",
                "en" : "Android Mobile",
                "zh-hans" : "Android手机",
                "ja" : "Android モバイル動画"
            },
            "Profiles" : [
                          "toGeneralMobileVideo",
                          "toHTCMobileVideo",
                          "toGoogleMobileVideo",
                          "toAcerMobileVideo",
                          "toAmazonMobileVideo",
                          "toLenovoMobileVideo",
                          "toLGMobileVideo"
                          ],
            "Icon" : "android_mobile"
        },
        "toiMovieVideo" : {
            "Titles" : {
                "fr" : "Vidéo iMovie",
                "ko" : "iMovie비디오",
                "zh-hant" : "iMovie影片",
                "de" : "iMovie Video",
                "it" : "iMovie video",
                "pt-pt" : "Vídeo de iMovie",
                "es" : "Video de iMovie",
                "en" : "to iMovie Video",
                "zh-hans" : "iMovie视频",
                "ja" : "iMovie動画"
            },
            "Profiles" : [
                          "to_Apple_iMovie_h264_Profile.json",
                          "to_Apple_iMovie_mpeg4_Profile.json"
                          ],
            "Icon" : "to_imovie_video_nor"
        },
        "toAppleTVVideo" : {
            "Titles" : {
                "fr" : "Vidéo TV Apple",
                "ko" : "Apple TV비디오",
                "zh-hant" : "Apple TV影片",
                "de" : "Apple TV Video",
                "it" : "Apple TV video",
                "pt-pt" : "Vídeo de Apple TV",
                "es" : "Video de Apple TV",
                "en" : "to Apple TV Video",
                "zh-hans" : "Apple TV视频",
                "ja" : "Apple TV動画"
            },
            "Profiles" : [
                          "to_AppleTV4k_h264.json",
                          "to_AppleTV_New_h264_Profile.json",
                          "to_AppleTV3_h264_Profile.json",
                          "to_AppleTV2_h264_Profile.json",
                          "to_AppleTV_h264_Profile.json"
                          ],
            "Icon" : "to_apple_tv_video_nor"
        },
        "toSurfaceVideo" : {
            "Titles" : {
                "fr" : "Vidéo Surface",
                "ko" : "Surface비디오",
                "zh-hant" : "Surface影片",
                "de" : "Surface Video",
                "it" : "Surface video",
                "pt-pt" : "Vídeo Surface",
                "es" : "Video de Surface",
                "en" : "to Surface Video",
                "zh-hans" : "Surface视频",
                "ja" : "Surface動画"
            },
            "Profiles" : [
                          "to_Pad_Microsoft_Surface_WMV_Profile.json",
                          "to_Pad_Microsoft_SurfacePro_Profile.json",
                          "to_Pad_Microsoft_SurfaceLaptop_Profile.json",
                          "to_Pad_Microsoft_SurfaceBook_Profile.json",
                          "to_Pad_Microsoft_SurfaceStudio_Profile.json"
                          ],
            "Icon" : "to_surface_video_nor"
        },
        "MicrosoftDevice" : {
            "Titles" : {
                "fr" : "Périphérique Microsoft",
                "ko" : "마이크로소프트 핸드헬드 장치",
                "zh-hant" : "Microsoft",
                "de" : "Microsoft Mobile",
                "it" : "Microsofit dispositivo",
                "pt-pt" : "Dispositivo portátil de Microsoft",
                "es" : "Dispositivo de Microsoft",
                "en" : "Microsoft Device",
                "zh-hans" : "Microsoft设备",
                "ja" : "Microsoft デバイス"
            },
            "Profiles" : [
                          "toXboxVideo",
                          "toSurfaceVideo"
                          ],
            "Icon" : "microsoft_device"
        },
        "toPS3Video" : {
            "Titles" : {
                "fr" : "Vidéo PlayStation 3",
                "ko" : "PlayStation 3 비디오",
                "zh-hant" : "PlayStation 3影片",
                "de" : "PlayStation 3 Video",
                "it" : "PlayStation 3 video",
                "pt-pt" : "Vídeo PlayStation 3 ",
                "es" : "Video de PlayStation 3 ",
                "en" : "PlayStation 3 Video",
                "zh-hans" : "PlayStation 3视频",
                "ja" : "PlayStation 3動画"
            },
            "Profiles" : [
                          "to_Sony_AVI_PS3_Profile.json",
                          "to_Sony_H264_PS3_Profile.json",
                          "to_Sony_MPEG_PS3_Profile.json",
                          "to_Sony_MPEG2_PS3_Profile.json",
                          "to_Sony_WMV2_PS3_Profile.json"
                          ],
            "Icon" : "to_ps3_video_nor"
        },
        "WebVideo_Profile_Class" : {
            "Titles" : {
                "fr" : "Profil Portable",
                "ko" : "네트워크 비디오 사양",
                "zh-hant" : "網路影片預設",
                "zh-hans" : "网络视频配置",
                "de" : "Videoprofile für Web",
                "it" : "Profilo Video per Web",
                "pt-pt" : "Perfil de vídeo de web",
                "en" : "Web Video Profile",
                "es" : "Perfiles de vídeo online",
                "ja" : "ウェブ動画プロファイル"
            },
            "Profiles" : [
                          "YouTubeVideo",
                          "FacebookVideo",
                          "VimeoVideo",
                          "GeneralWebVideo"
                          ],
            "Icon" : ""
        },
        "toiPhoneVideo" : {
            "Titles" : {
                "fr" : "Vidéo iPhone",
                "ko" : "iPhone비디오",
                "zh-hant" : "iPhone影片",
                "de" : "iPhone Video",
                "it" : "iPhone video",
                "pt-pt" : "Vídeo de iPhone",
                "es" : "Video de iPhone",
                "en" : "to iPhone Video",
                "zh-hans" : "iPhone视频",
                "ja" : "iPhone動画"
            },
            "Profiles" : [
                          "to_iPhone11_h264_Profile.json",
                          "to_iPhone8xs_h264_Profile.json",
                          "to_iPhone8x_h264_Profile.json",
                          "to_iPhone7_h264_Profile.json",
                          "to_iPhone6_h264_Profile.json",
                          "to_iPhone5sc_h264_Profile.json",
                          "to_iPhone5_h264_Profile.json",
                          "to_iPhone4S_h264_Profile.json"
                          ],
            "Icon" : "to_iphone_video_nor"
        },
        "AppleDevice" : {
            "Titles" : {
                "fr" : "Périphérique Apple",
                "ko" : "Apple핸드헬드 장치",
                "zh-hant" : "Apple",
                "de" : "Apple Mobile",
                "it" : "Apple dispositivo portabile",
                "pt-pt" : "Dispositivo portátil de Apple",
                "es" : "Dispositivo de Apple",
                "en" : "Apple Device",
                "zh-hans" : "Apple设备",
                "ja" : "Appleデバイス"
            },
            "Profiles" : [
                          "toiPhoneVideo",
                          "toiPadVideo",
                          "toiPodVideo",
                          "toAppleTVVideo",
                          "toiTunesVideo",
                          "toiDVDVideo",
                          "toiMovieVideo",
                          "toFinalCutProVideo",
                          "toProResVideo"
                          ],
            "Icon" : "apple_device"
        },
        "toProResVideo" : {
            "Titles" : {
                "fr" : "Vidéo ProRes",
                "ko" : "ProRes 비디오",
                "zh-hant" : "ProRes影片",
                "de" : "ProRes Video",
                "it" : "ProRes video",
                "pt-pt" : "Vídeo ProRes",
                "es" : "Video ProRes",
                "en" : "to ProRes Video",
                "zh-hans" : "ProRes视频",
                "ja" : "ProRes動画"
            },
            "Profiles" : [
                          "to_Apple_ProRes422HQ_Profile.json",
                          "to_Apple_ProRes422_Profile.json",
                          "to_Apple_ProRes422LT_Profile.json",
                          "to_Apple_ProRes422Poxy_Profile.json",
                          "to_Apple_ProRes4444_Profile.json"
                          ],
            "Icon" : "to_ProRes_nor"
        },
        "GeneralProfiles" : {
            "Titles" : {
                "fr" : "Profils Généraux",
                "ko" : "General Profiles",
                "zh-hant" : "常用格式檔",
                "de" : "Allgemeine Profile",
                "it" : "General Profiles",
                "pt-pt" : "General Profiles",
                "es" : "General Profiles",
                "en" : "General Profiles",
                "zh-hans" : "常用格式",
                "ja" : "通常の動画ファイル"
            },
            "Profiles" : [
                          "mp4.json",
                          "mov.json",
                          "to_General_iOS_h264_Profile.json",
                          "to_General_Android_H264_Profile.json",
                          "mp4_hevc.json",
                          "mpeg4.json",
                          "webm.json"
                          ],
            "Icon" : "mac_general_video_nor"
        },
        "toAcerPadVideo" : {
            "Titles" : {
                "fr" : "Vidéo Tablette Acer",
                "ko" : "에이서 태블릿 비디오",
                "zh-hant" : "Acer平板影片",
                "de" : "Acer Pad Video",
                "it" : "Acer Tablet video",
                "pt-pt" : "Vídeo de pad de ACER",
                "es" : "Video de Acer Pad",
                "en" : "to Acer Pad Video",
                "zh-hans" : "Acer平板视频",
                "ja" : "AcerPad動画"
            },
            "Profiles" : [
                          "to_Pad_Acer_General_Pad_Profile.json",
                          "to_Pad_Acer_IconiaTab_H264_Profile.json",
                          "to_Pad_Acer_IconiaOne_H264_Profile.json"
                          ],
            "Icon" : "to_acer_pad_video_nor"
        },
        "GeneralVideo" : {
            "Titles" : {
                "fr" : "Vidéo Générale",
                "ko" : "General Video",
                "zh-hant" : "常用視頻格式",
                "zh-hans" : "常用视频格式",
                "de" : "Allgemeines Video",
                "it" : "General Video",
                "pt-pt" : "General Video",
                "en" : "General Video",
                "es" : "General Video",
                "ja" : "通常動画"
            },
            "Profiles" : [
                          "mp4.json",
                          "mpeg4.json",
                          "mp4_4k.json",
                          "mp4_hevc.json",
                          "avi.json",
                          "mpeg4_mp3.json",
                          "mkv.json",
                          "mov.json",
                          "divx.json",
                          "webm.json",
                          "wmv.json",
                          "m4v.json",
                          "dv.json",
                          "f4v.json",
                          "flv.json",
                          "3gp.json",
                          "3gp2.json",
                          "asf.json",
                          "mpeg-1.json",
                          "mpeg-2.json",
                          "ogv.json",
                          "swf.json"
                          ],
            "Icon" : "pc_general_video_nor"
        },
        "Tools" : {
            "Titles" : {
                "en": "Toolbox",
                "zh-hans": "工具",
                "zh-hant" : "工具箱",
                "de" : "Toolbox",
                "es" : "Herramientas",
                "fr":"Boite à outils",
                "ja":"ツールボックス"
            },
            "Profiles" : [
                          "vdstab.json",
                          "audio_denoise.json",
                          "merge_video.json",
                          "trim.json",
                          "split_video.json",
                          "rotate.json",
                          "flip.json",
                          "togif.json",
                          "snapshot.json",
                          "m3u8.json",
                          "3dto2d.json",
                          "make_mkv.json",
                          "lens_correct.json",
                          "export_subtitle.json"
                          ],
            "Icon" : "to_tools"
        },
        "toMusic" : {
            "Titles" : {
                "fr" : "Musique",
                "zh-hant" : "音樂",
                "de" : "Musik",
                "es" : "Música",
                "en" : "Music",
                "zh-hans" : "音乐",
                "ja" : "音楽"
            },
            "Profiles" : [
                          "mp3.json",
                          "m4a.json",
                          "wav.json",
                          "flac.json",
                          "m4r.json",
                          "aac.json",
                          "ogg.json",
                          "ac3.json",
                          "aiff.json",
                          "caf.json"
                          ],
            "Icon" : "to_music_nor"
        },
        "toGeneralPadVideo" : {
            "Titles" : {
                "fr" : "Vidéo Tablette Générale",
                "ko" : "통용 태블릿 비디오",
                "zh-hant" : "通用平板影片",
                "de" : "Allgemeines Pad Video",
                "it" : "Generale Tablet video",
                "pt-pt" : "Vídeo de pad general",
                "es" : "Video genérico de Pad",
                "en" : "to General Pad Video",
                "zh-hans" : "通用平板视频",
                "ja" : "通常Pad動画"
            },
            "Profiles" : [
                          "to_Pad_General_Android_Pad_H264_Profile.json"
                          ],
            "Icon" : "to_general_pad_video_nor"
        },
        "toPS4Video" : {
            "Titles" : {
                "fr" : "Vidéo PlayStation 4",
                "ko" : "PlayStation 4 비디오",
                "zh-hant" : "PlayStation 4影片",
                "de" : "PlayStation 4 Video",
                "it" : "PlayStation 4 video",
                "pt-pt" : "Vídeo PlayStation 4",
                "es" : "Video de PlayStation 4",
                "en" : "PlayStation 4 Video",
                "zh-hans" : "PlayStation 4视频",
                "ja" : "PlayStation 4 動画"
            },
            "Profiles" : [
                          "to_Sony_AVI_PS4_Profile.json",
                          "to_Sony_H264_PS4_Profile.json",
                          "to_Sony_MPEG_PS4_Profile.json",
                          "to_Sony_MPEG2_PS4_Profile.json",
                          "to_Sony_WMV2_PS4_Profile.json"
                          ],
            "Icon" : "to_ps4_video_nor"
        },
        "toAsusPadVideo" : {
            "Titles" : {
                "fr" : "Vidéo Tablette Asus",
                "ko" : "에이수스 태블릿 비디오",
                "zh-hant" : "Asus平板影片",
                "de" : "Asus Pad Video",
                "it" : "Asus Tablet video",
                "pt-pt" : "Vídeo de pad de ASUS",
                "es" : "Video de Asus Pad",
                "en" : "to Asus Pad Video",
                "zh-hans" : "Asus平板视频",
                "ja" : "Asus Pad動画"
            },
            "Profiles" : [
                          "to_Pad_Asus_General_Pad_Profile.json",
                          "to_Pad_Asus_MeMo_Pad_H264_Profile.json",
                          "to_Pad_Asus_TransformerPad_H264_Profile.json",
                          "to_Pad_Asus_VivoPad_H264_Profile.json",
                          "to_Pad_Asus_ZenPad_H264_Profile.json"
                          ],
            "Icon" : "to_asus_pad_video_nor"
        },
        "toAmazonMobileVideo" : {
            "Titles" : {
                "fr" : "Vidéo Portable Amazon",
                "ko" : "Amazon비디오",
                "zh-hant" : "Amazon手機影片",
                "de" : "Amazon Mobile Video",
                "it" : "Amazon cellulare video",
                "pt-pt" : "Vídeo de telemóvel de Amazon",
                "es" : "Video de Amazon móvil",
                "en" : "to Amazon Mobile Video",
                "zh-hans" : "Amazon手机视频",
                "ja" : "アマゾン動画"
            },
            "Profiles" : [
                          "to_Amazon_FirePhone_H264_Profile.json"
                          ],
            "Icon" : "to_iphone_video_nor"
        },
        "Frequently_Profile_Class" : {
            "Titles" : {
                "fr" : "Profil Fréquemment Utilisé",
                "ko" : "흔히 사용하는 옵션",
                "zh-hant" : "常用的檔案預設",
                "zh-hans" : "常用的输出配置",
                "de" : "Häufig verwendete Profile",
                "it" : "Profilo usato frequentemente",
                "pt-pt" : "Perfil frequentemente usado",
                "en" : "Frequently Used Profile",
                "es" : "Configuración común",
                "ja" : "常用プロファイル"
            },
            "Profiles" : [
                          "GeneralProfiles",
                          "toMusic"
                          ],
            "Icon" : ""
        },
        "toGooglePadVideo" : {
            "Titles" : {
                "fr" : "Vidéo Tablette Google",
                "ko" : "Google태블릿 비디오",
                "zh-hant" : "Google平板影片",
                "de" : "Google Pad Video",
                "it" : "Google Tablet video",
                "pt-pt" : "Vídeo de pad de Google",
                "es" : "Video de Google Pad",
                "en" : "to Google Pad Video",
                "zh-hans" : "Google平板视频",
                "ja" : "Google Pad動画"
            },
            "Profiles" : [
                          "to_Google_General_Pad_Profile.json",
                          "to_Pad_Google_pixel_C_H264_Profile.json",
                          "to_Pad_Google_New_Nexus7_H264_Profile.json",
                          "to_Pad_Google_Nexus7_H264_Profile.json"
                          ],
            "Icon" : "to_google_pad_video_nor"
        },
        "SamsungDevice" : {
            "Titles" : {
                "fr" : "Périphérique Samsung",
                "ko" : "Samsung 핸드헬드 장치",
                "zh-hant" : "Samsung",
                "de" : "Samsung Mobile",
                "it" : "Samsung dispositivo portabile",
                "pt-pt" : "Dispositivo portátil de Samsung",
                "es" : "Dispositivo de Samsung",
                "en" : "Samsung Device",
                "zh-hans" : "Samsung设备",
                "ja" : "Samsung デバイス"
            },
            "Profiles" : [
                          "toSamsungMobileVideo",
                          "toSamsungPadVideo"
                          ],
            "Icon" : "to_samsung_mobile_video_nor"
        },
        "GeneralWebVideo" : {
            "Titles" : {
                "fr" : "Vidéo Web Général",
                "ko" : "통용 네트워크 비디오",
                "zh-hant" : "通用網路影片",
                "de" : "Allgemeines Internet Video",
                "it" : "Web video comune",
                "pt-pt" : "Vídeo general de Web",
                "es" : "Vídeo genérico en red",
                "en" : "General Web Video",
                "zh-hans" : "其他网络视频",
                "ja" : "通常ウェブ動画"
            },
            "Profiles" : [
                          "to_WebVideo_WMV_Video_WMV2_Profile.json",
                          "to_WebVideo_AVI_Video_Divx_Profile.json",
                          "to_WebVideo_MOV_Video_MPEG4_Profile.json",
                          "to_WebVideo_MP4_Video_MPEG4_Profile.json",
                          "to_WebVideo_flv_Profile.json"
                          ],
            "Icon" : "general_webview_nor"
        },
        "toGoogleMobileVideo" : {
            "Titles" : {
                "fr" : "Vidéo Portable Google",
                "ko" : "Google 핸드폰 비디오",
                "zh-hant" : "Google手機影片",
                "de" : "Google Mobile Video",
                "it" : "Google cellulare video",
                "pt-pt" : "Vídeo de telemóvel de Google",
                "es" : "Video de Google móvil",
                "en" : "to Google Mobile Video",
                "zh-hans" : "Google手机视频",
                "ja" : "Googleモバイル動画"
            },
            "Profiles" : [
                          "to_Google_General_Mobile_MPEG4_Profile.json",
                          "to_Google_Pixel_Profile.json",
                          "to_ Google_Project_Ara_Profile.json",
                          "to_Google_Galaxy_Nexus_H264_Profile.json",
                          "to_Google_Galaxy_NexusHD_H264_Profile.json"
                          ],
            "Icon" : "to_google_mobile_video_nor"
        },
        "YouTubeVideo" : {
            "Titles" : {
                "fr" : "Vidéo YouTube",
                "ko" : "Youtube비디오",
                "zh-hant" : "Youtube",
                "de" : "Youtube Video",
                "it" : "Youtube video",
                "pt-pt" : "Vídeo de Youtube",
                "es" : "Video de Youtube",
                "en" : "YouTube Video",
                "zh-hans" : "Youtube",
                "ja" : "Youtube動画"
            },
            "Profiles" : [
                          "to_Youtube_MP4_h264_Profile.json",
                          "to_Youtube_flv_Profile.json"
                          ],
            "Icon" : "youtube_video_nor"
        },
        "toGeneralMobileVideo" : {
            "Titles" : {
                "fr" : "Vidéo Portable Général",
                "ko" : "통용 핸드폰 비디오",
                "zh-hant" : "通用手機影片",
                "de" : "Allgemeines Mobile Video",
                "it" : "Generale cellulare video",
                "pt-pt" : "Vídeo de telemóvel general",
                "es" : "Video genérico de móvil",
                "en" : "to General Mobile Video",
                "zh-hans" : "通用手机视频",
                "ja" : "通常モバイル動画"
            },
            "Profiles" : [
                          "to_General_Android_H264_Profile.json",
                          "to_AquosPhone_H264_Profile.json",
                          "to_FujitsuPhone_H264_Profile.json",
                          "to_OPPOPhone_H264_Profile.json",
                          "to_VivoPhone_H264_Profile.json",
                          "to_MiPhone_H264_Profile.json"
                          ],
            "Icon" : "to_general_mobile_video_nor"
        },
        "toLenovoMobileVideo" : {
            "Titles" : {
                "fr" : "Vidéo Portable Lenovo",
                "ko" : "Lenovo 핸드폰 비디오",
                "zh-hant" : "Lenovo手機影片",
                "de" : "Lenovo Mobile Video",
                "it" : "Lenovo cellulare video",
                "pt-pt" : "Video de telemóvel de Lenovo",
                "es" : "Video de Lenovo móvil",
                "en" : "to Lenovo Mobile Video",
                "zh-hans" : "Lenovo手机视频",
                "ja" : "Lenovo モバイル動画"
            },
            "Profiles" : [
                          "to_Pad_Lenovo_General_Pad_Profile.json",
                          "to_ Lenovo_S.json",
                          "to_ Lenovo_A7000_Profile.json",
                          "to_ Lenovo_K.json",
                          "to_ Lenovo_Vibe.json"
                          ],
            "Icon" : "to_lenovo_pad_video_nor"
        },
        "toPSPVideo" : {
            "Titles" : {
                "fr" : "Vidéo PSP",
                "ko" : "PSP 비디오",
                "zh-hant" : "PSP影片",
                "de" : "PSP Video",
                "it" : "PSP video",
                "pt-pt" : "Vídeo PSP",
                "es" : "Video de PSP",
                "en" : "PSP Video",
                "zh-hans" : "PSP视频",
                "ja" : "PSP動画"
            },
            "Profiles" : [
                          "to_Sony_MPEG_PSP_Profile.json",
                          "to_Sony_AVC_PSP_Profile.json"
                          ],
            "Icon" : "to_psp_video_nor"
        },
        "toHTCMobileVideo" : {
            "Titles" : {
                "fr" : "Vidéo Portable HTC",
                "ko" : "HTC핸드폰 비디오",
                "zh-hant" : "HTC手機影片",
                "de" : "HTC Mobile Video",
                "it" : "HTC cellulare video",
                "pt-pt" : "Vídeo de telemóvel de HTC",
                "es" : "Video de HTC móvil",
                "en" : "to HTC Mobile Video",
                "zh-hans" : "HTC手机视频",
                "ja" : "HTC モバイル動画"
            },
            "Profiles" : [
                          "to_HTC_General_Mobile_Profile.json",
                          "to_HTC_U11_Profile.json",
                          "to_HTC_U11Life_Profile.json",
                          "to_HTC_UUltra_Profile.json",
                          "to_HTC_Bolt_Profile.json",
                          "to_HTC_One_Profile.json",
                          "to_HTC_Desire_Profile.json"
                          ],
            "Icon" : "to_htc_mobile_video_nor"
        },
        "toiDVDVideo" : {
            "Titles" : {
                "fr" : "Vidéo iDVD",
                "ko" : "Idvd비디오",
                "zh-hant" : "iDVD影片",
                "de" : "iDVD Video",
                "it" : "iDVD video",
                "pt-pt" : "Vídeo de iDVD",
                "es" : "Video de iDVD",
                "en" : "to iDVD Video",
                "zh-hans" : "iDVD视频",
                "ja" : "iDVD動画"
            },
            "Profiles" : [
                          "to_Apple_iDVD_h264_Profile.json",
                          "to_Apple_iDVD_mpeg4_Profile.json"
                          ],
            "Icon" : "to_idvd_video_nor"
        },
    "TVVideo": {
      "Titles": {
        "fr": "Vidéo TV",
        "ko": "TV비디오",
        "zh-hant": "電視機",
        "de": "TV Video",
        "it": "TV video",
        "pt-pt": "TV de Vimeo",
        "es": "TV de Vimeo",
        "en": "TV Video",
        "zh-hans": "电视",
        "ja": "TV動画"
      },
      "Profiles": [
        "samsung_tv.json",
        "sony_tv.json",
        "panasonic _tv.json",
        "lg_tv.json"
      ],
      "Icon": "tv_video"
    }
  }
}
