{
  "Extension" : "dv",
  "Quality" : 3,
  "ToDevice" : [

  ],
  "Video" : {
    "TrackNumLimit" : 1,
    "DefaultCodec" : "dv-ntsc",
    "Codecs" : [
      {
        "Aspect" : {
          "Presets" : [
            "keep original",
            "16:10",
            "16:9",
            "4:3",
            "3:2",
            "5:4",
            "5:3",
            "1:1",
            "2.21:1",
            "2.35:1",
            "2.39:1",
            "10:16",
            "9:16",
            "3:4",
            "2:3",
            "4:5",
            "3:5",
            "1:2.21",
            "1:2.35",
            "1:2.39"
          ],
          "Value" : "keep original",
          "Editable" : false
        },
        "Resolution" : {
          "Presets" : [
            "720x480"
          ],
          "Modified" : false,
          "Value" : "720x480",
          "Editable" : false
        },
        "Bitrate" : {
          "Presets" : [
            "Auto Calculate"
          ],
          "2PassEncode" : false,
          "Value" : "Auto Calculate",
          "Editable" : false,
          "Mode" : "CBR"
        },
        "BFrames" : {
          "Presets" : [
            "0",
            "1",
            "2",
            "3",
            "4",
            "5",
            "6",
            "7",
            "8",
            "9",
            "10",
            "11",
            "12",
            "13",
            "14",
            "15",
            "16"
          ],
          "Value" : "0",
          "Editable" : false
        },
        "GOP" : 250,
        "FrameRate" : {
          "Presets" : [
            "29.97"
          ],
          "Value" : "29.97",
          "Editable" : false
        },
        "Codec" : "dv-ntsc",
        "ProfileLevel" : {
          "Presets" : [
            "baseline",
            "main",
            "high"
          ],
          "Value" : "main",
          "Editable" : false,
          "Level" : "4.1"
        },
        "Limit" : {
          "MaxWidth" : -1,
          "MaxFrameRate" : -1,
          "MaxHeight" : -1,
          "MaxBitRate" : -1,
          "AllowBFrames" : -1,
          "AllowPassthrough" : 1
        }
      },
      {
        "Aspect" : {
          "Presets" : [
            "keep original",
            "16:10",
            "16:9",
            "4:3",
            "3:2",
            "5:4",
            "5:3",
            "1:1",
            "2.21:1",
            "2.35:1",
            "2.39:1",
            "10:16",
            "9:16",
            "3:4",
            "2:3",
            "4:5",
            "3:5",
            "1:2.21",
            "1:2.35",
            "1:2.39"
          ],
          "Value" : "keep original",
          "Editable" : false
        },
        "FrameRate" : {
          "Presets" : [
            "25"
          ],
          "Value" : "25",
          "Editable" : false
        },
        "Bitrate" : {
          "Presets" : [
            "Auto Calculate"
          ],
          "2PassEncode" : false,
          "Value" : "Auto Calculate",
          "Editable" : false,
          "Mode" : "CBR"
        },
        "BFrames" : {
          "Presets" : [
            "0",
            "1",
            "2",
            "3",
            "4",
            "5",
            "6",
            "7",
            "8",
            "9",
            "10",
            "11",
            "12",
            "13",
            "14",
            "15",
            "16"
          ],
          "Value" : "0",
          "Editable" : false
        },
        "GOP" : 250,
        "Codec" : "dv-pal",
        "ProfileLevel" : {
          "Presets" : [
            "baseline",
            "main",
            "high"
          ],
          "Value" : "main",
          "Editable" : false,
          "Level" : "4.1"
        },
        "Resolution" : {
          "Presets" : [
            "720x576"
          ],
          "Modified" : false,
          "Value" : "720x576",
          "Editable" : false
        },
        "Limit" : {
          "MaxWidth" : 3840,
          "MaxFrameRate" : 30,
          "MaxHeight" : 2160,
          "MaxBitRate" : 8000,
          "AllowBFrames" : true,
          "AllowPassthrough" : true
        }
      }
    ]
  },
  "ID" : 1000029,
  "Target" : "DV",
  "Comment" : "",
  "Summary" : {
    "Titles" : {
      "fr" : "Vidéo DV ",
      "ko" : "DV Video",
      "zh-hant" : "DV",
      "de" : "DV Video",
      "it" : "DV Video",
      "pt-pt" : "Vídeo DV",
      "es" : "DV Video",
      "en" : "DV Video",
      "zh-hans" : "DV",
      "ja" : "DV動画"
    },
    "ShortTitles" : {
      "fr" : "DV",
      "ko" : "DV",
      "zh-hant" : "DV",
      "de" : "DV",
      "it" : "DV",
      "pt-pt" : "DV",
      "es" : "DV",
      "en" : "DV",
      "zh-hans" : "DV",
      "ja" : "DV"
    },
    "AudioCodec" : "PCM",
    "Descriptions" : {
      "fr" : "Vidéo DV",
      "ko" : "DV비디오",
      "zh-hant" : "DV影片",
      "de" : "DV Format für allgemeines DV",
      "it" : "Video DV",
      "pt-pt" : "Vídeo DV",
      "es" : "DV vídeo",
      "en" : "DV format for general DV",
      "zh-hans" : "DV视频",
      "ja" : "通常動画用DV形式"
    },
    "Recommend" : false,
    "KeyWords" : "",
    "VideoCodec" : "DV-NTSC",
    "Resolution" : ""
  },
  "Audio" : {
    "TrackNumLimit" : 1,
    "DefaultCodec" : "PCM",
    "CodecsPassthru" : [

    ],
    "Codecs" : [
      {
        "Bitrate" : {
          "Presets" : [
            "160",
            "128",
            "112",
            "96",
            "80",
            "64",
            "56",
            "48"
          ],
          "Value" : "128",
          "Editable" : false
        },
        "SampleRate" : {
          "Presets" : [
            "48000"
          ],
          "Value" : "48000",
          "Editable" : false
        },
        "Channel" : {
          "Presets" : [
            "2"
          ],
          "Value" : "2",
          "Editable" : false
        },
        "Codec" : "PCM"
      }
    ]
  },
  "Type" : "GenericVideo",
  "PadForce" : true,
  "PadValue" : true,
  "CustomProfile" : 0,
  "Subtitle" : {
    "TrackNumLimit" : 0,
    "AllowImageSubTrack" : false,
    "BurnedInDefault" : true
  }
}