{
  "Extension" : "srt",
  "Quality" : 3,
  "ToDevice" : [

  ],
  "Video" : {
    "TrackNumLimit" : 1,
    "DefaultCodec" : "srt",
    "Codecs" : [
      {
        "Aspect" : {
          "Presets" : [
            "keep original",
            "16:10",
            "16:9",
            "4:3",
            "3:2",
            "5:4",
            "5:3",
            "1:1",
            "2.21:1",
            "2.35:1",
            "2.39:1"
          ],
          "Value" : "keep original",
          "Editable" : false
        },
        "Resolution" : {
          "Presets" : [
            "keep original",
            "1920x1080",
            "1280x720",
            "960x640",
            "720x480",
            "640x480",
            "480x320"
          ],
          "Modified" : false,
          "Value" : "1920x1080",
          "Editable" : true
        },
        "Bitrate" : {
          "Presets" : [
            "Auto Calculate",
            "Manual"
          ],
          "2PassEncode" : false,
          "Value" : "Auto Calculate",
          "Editable" : false,
          "Mode" : "CBR"
        },
        "BFrames" : {
          "Presets" : [
            "0",
            "1",
            "2",
            "3",
            "4",
            "5",
            "6",
            "7",
            "8",
            "9",
            "10",
            "11",
            "12",
            "13",
            "14",
            "15",
            "16"
          ],
          "Value" : "0",
          "Editable" : false
        },
        "GOP" : 250,
        "FrameRate" : {
          "Presets" : [
            "keep original",
            "15",
            "23.976",
            "24",
            "25",
            "29.97",
            "30",
            "50",
            "59.94",
            "60"
          ],
          "Value" : "keep original",
          "Editable" : false
        },
        "Codec" : "srt",
        "ProfileLevel" : {
          "Presets" : [
            "baseline",
            "main",
            "high"
          ],
          "Value" : "main",
          "Editable" : false,
          "Level" : "4.1"
        },
        "Limit" : {
          "MaxWidth" : -1,
          "MaxFrameRate" : -1,
          "MaxHeight" : -1,
          "MaxBitRate" : -1,
          "AllowBFrames" : -1,
          "AllowPassthrough" : 1
        }
      }
    ]
  },
  "ID" : 1000147,
  "Target" : "tool_sub",
  "Comment" : "",
  "Summary" : {
    "Titles" : {
      "fr" : "Exporter les sous-titres",
      "zh-hant" : "匯出字幕",
      "de" : "Untertitel exportieren",
      "zh-hans" : "导出字幕",
      "es" : "Exportar subtítulo",
      "en" : "Export Subtitle",
      "ja" : "字幕をエクスポートする"
    },
    "ShortTitles" : {
      "fr" : "Exporter Sous-titre",
      "zh-hant" : "Export Subtitle",
      "de" : "Export Subtitle",
      "zh-hans" : "Export Subtitle",
      "es" : "Export Subtitle",
      "en" : "Export Subtitle",
      "ja" : "字幕エクスポート"
    },
    "AudioCodec" : "",
    "Descriptions" : {
      "fr" : "Exporter les sous-titres vers un fichier SRT ou ASS",
      "zh-hant" : "將影片中的字幕匯出為SRT或ASS檔案",
      "de" : "Video-Untertitel in SRT- oder ASS-Datei exportieren",
      "zh-hans" : "将视频中的字幕导出为SRT或ASS文件",
      "es" : "Exportar subtítulos de video al archivo SRT o ASS",
      "en" : "Export video subtitle to SRT or ASS file",
      "ja" : "ビデオ字幕をSRTやASSファイルにエクスポートする"
    },
    "Recommend" : false,
    "KeyWords" : "",
    "VideoCodec" : "SRT, ASS",
    "Resolution" : ""
  },
  "Audio" : {
    "TrackNumLimit" : 1,
    "DefaultCodec" : "ass",
    "CodecsPassthru" : [

    ],
    "Codecs" : [
      {
        "Bitrate" : {
          "Presets" : [
            "160",
            "128",
            "112",
            "96",
            "80",
            "64",
            "56",
            "48"
          ],
          "Value" : "128",
          "Editable" : false
        },
        "SampleRate" : {
          "Presets" : [
            "48000",
            "44100",
            "32000",
            "22050",
            "16000"
          ],
          "Value" : "44100",
          "Editable" : false
        },
        "Channel" : {
          "Presets" : [
            "2"
          ],
          "Value" : "2",
          "Editable" : false
        },
        "Codec" : "ass"
      }
    ]
  },
  "Type" : "VideoTool",
  "PadForce" : false,
  "PadValue" : false,
  "CustomProfile" : 0,
  "Subtitle" : {
    "TrackNumLimit" : 1,
    "AllowImageSubTrack" : false,
    "BurnedInDefault" : true
  }
}