{
  "Extension" : "mp4",
  "Quality" : 3,
  "ToDevice" : [

  ],
  "Video" : {
    "TrackNumLimit" : 1,
    "DefaultCodec" : "h.264",
    "Codecs" : [
      {
        "Aspect" : {
          "Presets" : [
            "keep original",
            "16:10",
            "16:9",
            "4:3",
            "3:2",
            "5:4",
            "5:3",
            "1:1",
            "2.21:1",
            "2.35:1",
            "2.39:1"
          ],
          "Value" : "keep original",
          "Editable" : false
        },
        "Resolution" : {
          "Presets" : [
            "keep original",
            "480x320",
            "640x480",
            "720x480",
            "960x640",
            "1280x720",
            "1920x1080",
            "3840x2160"
          ],
          "Modified" : false,
          "Value" : "3840x2160",
          "Editable" : true
        },
        "Bitrate" : {
          "Presets" : [
            "Auto Calculate",
            "Manual"
          ],
          "2PassEncode" : false,
          "Value" : "Auto Calculate",
          "Editable" : false,
          "Mode" : "CBR"
        },
        "BFrames" : {
          "Presets" : [
            "0",
            "1",
            "2",
            "3",
            "4",
            "5",
            "6",
            "7",
            "8",
            "9",
            "10",
            "11",
            "12",
            "13",
            "14",
            "15",
            "16"
          ],
          "Value" : "0",
          "Editable" : false
        },
        "GOP" : 250,
        "FrameRate" : {
          "Presets" : [
            "keep original",
            "15",
            "23.976",
            "24",
            "25",
            "29.97",
            "30",
            "50",
            "59.94",
            "60"
          ],
          "Value" : "keep original",
          "Editable" : false
        },
        "Codec" : "h.264",
        "ProfileLevel" : {
          "Presets" : [
            "baseline",
            "main",
            "high"
          ],
          "Value" : "main",
          "Editable" : false,
          "Level" : "4.1"
        },
        "Limit" : {
          "MaxWidth" : 3840,
          "MaxFrameRate" : -1,
          "MaxHeight" : 2160,
          "MaxBitRate" : -1,
          "AllowBFrames" : -1,
          "AllowPassthrough" : 1
        }
      }
    ]
  },
  "ID" : 1000158,
  "Target" : "tool_flip",
  "Comment" : "",
  "Summary" : {
    "Titles" : {
      "fr" : "Miroir et Flip",
      "zh-hant" : "鏡像 & 翻轉",
      "de" : "Spiegeln",
      "zh-hans" : "镜像 & 翻转",
      "es" : "Reflejo y Voltear",
      "en" : "Mirror & Flip",
      "ja" : "ミラー＆反転"
    },
    "ShortTitles" : {
      "fr" : "Retourner",
      "zh-hant" : "Mirror & Flip",
      "de" : "Mirror & Flip",
      "zh-hans" : "Mirror & Flip",
      "es" : "Mirror & Flip",
      "en" : "Mirror & Flip",
      "ja" : "ミラー＆反転"
    },
    "AudioCodec" : "AAC",
    "Descriptions" : {
      "fr" : "Retourner une vidéo verticalement ou horizontalement",
      "zh-hant" : "按上下或左右方向翻轉影片",
      "de" : "Video vertikal oder horizontal spiegeln",
      "zh-hans" : "按垂直或水平方向翻转视频画面",
      "es" : "Voltear un vídeo verticalmente u horizontalmente",
      "en" : "Flip a video vertically or horizontally",
      "ja" : "ビデオを垂直方向または水平方向に反転する"
    },
    "Recommend" : false,
    "KeyWords" : "",
    "VideoCodec" : "H264",
    "Resolution" : ""
  },
  "Audio" : {
    "TrackNumLimit" : 1,
    "DefaultCodec" : "aac",
    "CodecsPassthru" : [
      "aac",
      "mp3",
      "ac3",
      "dts",
      "dts-hd"
    ],
    "Codecs" : [
      {
        "Bitrate" : {
          "Presets" : [
            "160",
            "128",
            "112",
            "96",
            "80",
            "64",
            "56",
            "48"
          ],
          "Value" : "128",
          "Editable" : false
        },
        "SampleRate" : {
          "Presets" : [
            "48000",
            "44100",
            "32000",
            "22050",
            "16000"
          ],
          "Value" : "44100",
          "Editable" : false
        },
        "Channel" : {
          "Presets" : [
            "2"
          ],
          "Value" : "2",
          "Editable" : false
        },
        "Codec" : "aac"
      }
    ]
  },
  "Type" : "VideoTool",
  "PadForce" : false,
  "PadValue" : false,
  "CustomProfile" : 0,
  "Subtitle" : {
    "TrackNumLimit" : 0,
    "AllowImageSubTrack" : false,
    "BurnedInDefault" : true
  }
}