{
  "Extension" : "flv",
  "Quality" : 3,
  "ToDevice" : [

  ],
  "Video" : {
    "TrackNumLimit" : 1,
    "DefaultCodec" : "flv",
    "Codecs" : [
      {
        "Aspect" : {
          "Value" : "keep original",
          "Aspect" : {
            "Presets" : [
              "keep original",
              "16:10",
              "16:9",
              "4:3",
              "3:2",
              "5:4",
              "5:3",
              "1:1",
              "2.21:1",
              "2.35:1",
              "2.39:1",
              "10:16",
              "9:16",
              "3:4",
              "2:3",
              "4:5",
              "3:5",
              "1:2.21",
              "1:2.35",
              "1:2.39"
            ],
            "Value" : "keep original",
            "Editable" : false
          },
          "Editable" : false
        },
        "Bitrate" : {
          "Presets" : [
            "Auto Calculate",
            "Manual"
          ],
          "2PassEncode" : false,
          "Value" : "Auto Calculate",
          "Editable" : false,
          "Mode" : "CBR"
        },
        "BFrames" : {
          "Presets" : [
            "0",
            "1",
            "2",
            "3",
            "4",
            "5",
            "6",
            "7",
            "8",
            "9",
            "10",
            "11",
            "12",
            "13",
            "14",
            "15",
            "16"
          ],
          "Value" : "0",
          "Editable" : false
        },
        "GOP" : 250,
        "FrameRate" : {
          "Presets" : [
            "keep original",
            "15",
            "23.976",
            "24",
            "25",
            "29.97",
            "30",
            "50",
            "59.94",
            "60"
          ],
          "Value" : "23.976",
          "Editable" : false
        },
        "Limit" : {
          "MaxWidth" : 3840,
          "MaxFrameRate" : 30,
          "MaxHeight" : 2160,
          "MaxBitRate" : 8000,
          "AllowBFrames" : 1,
          "AllowPassthrough" : 1
        },
        "Resolution" : {
          "Presets" : [
            "keep original",
            "480x320",
            "640x480",
            "720x480",
            "960x640",
            "1280x720",
            "1920x1080",
            "1080x1920",
            "720x1280",
            "640x960",
            "480x720",
            "480x640",
            "320x480"
          ],
          "Modified" : false,
          "Value" : "720x480",
          "Editable" : false
        },
        "Codec" : "flv"
      }
    ]
  },
  "ID" : 1000192,
  "Target" : "",
  "Comment" : "",
  "Summary" : {
    "Titles" : {
      "fr" : "Vidéo FLV ",
      "ko" : "FLV Video",
      "zh-hant" : "FLV",
      "de" : "FLV Video",
      "it" : "FLV Video",
      "pt-pt" : "FLV Video",
      "es" : "Vídeo FLV",
      "en" : "FLV Video",
      "zh-hans" : "FLV Video",
      "ja" : "FLV動画"
    },
    "ShortTitles" : {
      "fr" : "FLV",
      "ko" : "FLV",
      "zh-hant" : "FLV",
      "de" : "FLV",
      "it" : "FLV",
      "pt-pt" : "FLV",
      "es" : "FLV",
      "en" : "FLV",
      "zh-hans" : "FLV",
      "ja" : "FLV"
    },
    "AudioCodec" : "MP3",
    "Descriptions" : {
      "fr" : "Flash Video, largement utilisé pour diffuser des vidéos sur Internet en utilisant Adobe Flash Player",
      "ko" : "Flash비디오, 흔히 Adobe Flash Player를 사용하여 인터넷에서 비디오를 제공합니다",
      "zh-hant" : "Flash影片，常使用Adobe Flash Player在互聯網上提供影片",
      "de" : "Flash Video, das zum Liefern des Videos über das Internet weit verwendet ist.",
      "it" : "Flash video, spesso usando Adobe Flash Player per distribuire video su Internet",
      "pt-pt" : "Vídeo Flash, usado por Adobe Flash Player para fornecer vídeo na Internet.",
      "es" : "Flash vídeo, a menudo usando Adobe Flash Player para transmitir el vídeo por Internet",
      "en" : "Flash Video, widely used to deliver video over the internet",
      "zh-hans" : "Flash视频，常使用Adobe Flash Player在互联网上提供视频",
      "ja" : "通常動画用FLV形式"
    },
    "Recommend" : false,
    "KeyWords" : "",
    "VideoCodec" : "H263",
    "Resolution" : ""
  },
  "Audio" : {
    "TrackNumLimit" : 1,
    "DefaultCodec" : "mp3",
    "CodecsPassthru" : [
      "mp3"
    ],
    "Codecs" : [
      {
        "Bitrate" : {
          "Presets" : [
            "160",
            "128",
            "112",
            "96",
            "80",
            "64",
            "56",
            "48"
          ],
          "Value" : "128",
          "Editable" : false
        },
        "SampleRate" : {
          "Presets" : [
            "48000",
            "44100",
            "32000",
            "22050",
            "16000"
          ],
          "Value" : "44100",
          "Editable" : false
        },
        "Channel" : {
          "Presets" : [
            "2"
          ],
          "Value" : "2",
          "Editable" : false
        },
        "Codec" : "mp3"
      }
    ]
  },
  "Type" : "GenericVideo",
  "PadForce" : false,
  "PadValue" : false,
  "CustomProfile" : 0,
  "Subtitle" : {
    "TrackNumLimit" : 0,
    "AllowImageSubTrack" : false,
    "BurnedInDefault" : true
  }
}