{
  "Extension" : "mpg",
  "Quality" : 3,
  "ToDevice" : [

  ],
  "Video" : {
    "TrackNumLimit" : 1,
    "DefaultCodec" : "mpeg2",
    "Codecs" : [
      {
        "Aspect" : {
          "Presets" : [
            "keep original",
            "16:10",
            "16:9",
            "4:3",
            "3:2",
            "5:4",
            "5:3",
            "1:1",
            "2.21:1",
            "2.35:1",
            "2.39:1"
          ],
          "Value" : "keep original",
          "Editable" : false
        },
        "Resolution" : {
          "Presets" : [
            "keep original",
            "480x320",
            "640x480",
            "720x480",
            "960x640",
            "1280x720",
            "1920x1080"
          ],
          "Modified" : false,
          "Value" : "1920x1080",
          "Editable" : true
        },
        "Bitrate" : {
          "Presets" : [
            "Auto Calculate",
            "Manual"
          ],
          "2PassEncode" : false,
          "Value" : "Auto Calculate",
          "Editable" : false,
          "Mode" : "CBR"
        },
        "BFrames" : {
          "Presets" : [
            "0",
            "1",
            "2",
            "3",
            "4",
            "5",
            "6",
            "7",
            "8",
            "9",
            "10",
            "11",
            "12",
            "13",
            "14",
            "15",
            "16"
          ],
          "Value" : "0",
          "Editable" : false
        },
        "GOP" : 250,
        "FrameRate" : {
          "Presets" : [
            "keep original",
            "15",
            "23.976",
            "24",
            "25",
            "29.97",
            "30",
            "50",
            "59.94",
            "60"
          ],
          "Value" : "keep original",
          "Editable" : false
        },
        "Codec" : "mpeg2",
        "ProfileLevel" : {
          "Presets" : [
            "baseline",
            "main",
            "high"
          ],
          "Value" : "main",
          "Editable" : false,
          "Level" : "4.1"
        },
        "Limit" : {
          "MaxWidth" : -1,
          "MaxFrameRate" : -1,
          "MaxHeight" : -1,
          "MaxBitRate" : -1,
          "AllowBFrames" : -1,
          "AllowPassthrough" : 1
        }
      }
    ]
  },
  "ID" : 1000197,
  "Target" : "full_title_copy",
  "Comment" : "",
  "Summary" : {
    "Titles" : {
      "fr" : "Copie tout le titre",
      "ko" : "Full Title Copy",
      "zh-hant" : "複製完整標題",
      "de" : "Vollständige Titel kopieren",
      "it" : "Full Title Copy",
      "pt-pt" : "Full Title Copy",
      "es" : "Copiar todos los títulos",
      "en" : "Full Title Copy",
      "zh-hans" : "复制完整标题内容",
      "ja" : "フルタイトルをコピー"
    },
    "ShortTitles" : {
      "fr" : "Titre Copie",
      "ko" : "Title Copy",
      "zh-hant" : "Title Copy",
      "de" : "Title Copy",
      "it" : "Title Copy",
      "pt-pt" : "Title Copy",
      "es" : "Copiar título",
      "en" : "Title Copy",
      "zh-hans" : "Title Copy",
      "ja" : "タイトルコピー"
    },
    "AudioCodec" : "AC3",
    "Descriptions" : {
      "fr" : "Copiez tout le titre avec toutes les vidéos\/audio\/sous-titres",
      "ko" : "Backup full title, including all audios\/videos\/subtitles",
      "zh-hant" : "備份完整標題（含全部音訊\/視訊\/字幕檔案）",
      "de" : "Vollständige Titel sichern, inkl. aller Audios \/ Videos \/ Untertitel",
      "it" : "Backup full title, including all audios\/videos\/subtitles",
      "pt-pt" : "Backup full title, including all audios\/videos\/subtitles",
      "es" : "Copiar título completo, incluso todos los audios\/vídeos\/subtítulos",
      "en" : "Backup full title, including all audios\/videos\/ subtitles",
      "zh-hans" : "备份完整的标题内容（含全部音频、视频、字幕文件）",
      "ja" : "選択されたタイトルの全てのオーディオ\/ビデオ\/字幕をバックアップ"
    },
    "Recommend" : false,
    "KeyWords" : "",
    "VideoCodec" : "MPEG2",
    "Resolution" : ""
  },
  "Audio" : {
    "TrackNumLimit" : 16,
    "CodecsPassthru" : [
      "ac3",
      "dts",
      "dts-hd"
    ],
    "DefaultCodec" : "ac3",
    "Codecs" : [
      {
        "Bitrate" : {
          "Presets" : [
            "160",
            "128",
            "112",
            "96",
            "80",
            "64",
            "56",
            "48"
          ],
          "Value" : "128",
          "Editable" : false
        },
        "SampleRate" : {
          "Presets" : [
            "48000",
            "44100",
            "32000",
            "22050",
            "16000"
          ],
          "Value" : "44100",
          "Editable" : false
        },
        "Channel" : {
          "Presets" : [
            "2"
          ],
          "Value" : "2",
          "Editable" : false
        },
        "Codec" : "ac3"
      }
    ]
  },
  "Type" : "DVDBackup",
  "PadForce" : false,
  "PadValue" : false,
  "CustomProfile" : 0,
  "Subtitle" : {
    "TrackNumLimit" : 0,
    "AllowImageSubTrack" : false,
    "BurnedInDefault" : false
  }
}