{
  "Extension" : "iso",
  "Quality" : 3,
  "ToDevice" : [

  ],
  "Video" : {
    "TrackNumLimit" : 1,
    "DefaultCodec" : "mpeg2",
    "Codecs" : [
      {
        "Aspect" : {
          "Presets" : [
            "keep original",
            "16:10",
            "16:9",
            "4:3",
            "3:2",
            "5:4",
            "5:3",
            "1:1",
            "2.21:1",
            "2.35:1",
            "2.39:1"
          ],
          "Value" : "keep original",
          "Editable" : false
        },
        "Resolution" : {
          "Presets" : [
            "keep original",
            "480x320",
            "640x480",
            "720x480",
            "960x640",
            "1280x720",
            "1920x1080"
          ],
          "Modified" : false,
          "Value" : "1920x1080",
          "Editable" : true
        },
        "Bitrate" : {
          "Presets" : [
            "Auto Calculate",
            "Manual"
          ],
          "2PassEncode" : false,
          "Value" : "Auto Calculate",
          "Editable" : false,
          "Mode" : "CBR"
        },
        "BFrames" : {
          "Presets" : [
            "0",
            "1",
            "2",
            "3",
            "4",
            "5",
            "6",
            "7",
            "8",
            "9",
            "10",
            "11",
            "12",
            "13",
            "14",
            "15",
            "16"
          ],
          "Value" : "0",
          "Editable" : false
        },
        "GOP" : 250,
        "FrameRate" : {
          "Presets" : [
            "keep original",
            "15",
            "23.976",
            "24",
            "25",
            "29.97",
            "30",
            "50",
            "59.94",
            "60"
          ],
          "Value" : "keep original",
          "Editable" : false
        },
        "Codec" : "mpeg2",
        "ProfileLevel" : {
          "Presets" : [
            "baseline",
            "main",
            "high"
          ],
          "Value" : "main",
          "Editable" : false,
          "Level" : "4.1"
        },
        "Limit" : {
          "MaxWidth" : -1,
          "MaxFrameRate" : -1,
          "MaxHeight" : -1,
          "MaxBitRate" : -1,
          "AllowBFrames" : -1,
          "AllowPassthrough" : 1
        }
      }
    ]
  },
  "ID" : 1000199,
  "Target" : "dvd2iso",
  "Comment" : "",
  "Summary" : {
    "Titles" : {
      "fr" : "Cloner un DVD en Image ISO",
      "zh-hant" : "DVD複製為ISO映像檔",
      "de" : "DVD in ISO-Abbild klonen",
      "zh-hans" : "DVD复制为ISO镜像文件",
      "es" : "Clonar DVD a imagen ISO",
      "en" : "Clone DVD to ISO Image",
      "ja" : "DVDをISOイメージへクローン"
    },
    "ShortTitles" : {
      "fr" : "ISO",
      "zh-hant" : "ISO",
      "de" : "ISO",
      "zh-hans" : "ISO",
      "es" : "ISO",
      "en" : "ISO",
      "ja" : "ISO"
    },
    "AudioCodec" : "AAC",
    "Descriptions" : {
      "fr" : "1:1 Copier un DVD en image ISO",
      "zh-hant" : "DVD整片備份模式 - 按1:1模式將DVD複製為ISO檔",
      "de" : "1:1 DVD in ISO-Abbild kopieren - Die vollständige DVD-Backup-Lösung",
      "zh-hans" : "DVD整片备份模式 - 按1:1比例将DVD复制为ISO",
      "es" : "1:1 Copia de DVD a la imagen ISO - Copia completa de DVD",
      "en" : "1:1 Copy DVD to ISO image -The full DVD clone backup solution. ",
      "ja" : "DVDを1:1でISOイメージへクローン - DVDを丸ごとコピーできる方法"
    },
    "Recommend" : false,
    "KeyWords" : "",
    "VideoCodec" : "MPEG2",
    "Resolution" : ""
  },
  "Audio" : {
    "TrackNumLimit" : 16,
    "DefaultCodec" : "ac3",
    "CodecsPassthru" : [
      "ac3",
      "dts",
      "dts-hd"
    ],
    "Codecs" : [
      {
        "Bitrate" : {
          "Presets" : [
            "160",
            "128",
            "112",
            "96",
            "80",
            "64",
            "56",
            "48"
          ],
          "Value" : "128",
          "Editable" : false
        },
        "SampleRate" : {
          "Presets" : [
            "48000",
            "44100",
            "32000",
            "22050",
            "16000"
          ],
          "Value" : "44100",
          "Editable" : false
        },
        "Channel" : {
          "Presets" : [
            "2"
          ],
          "Value" : "2",
          "Editable" : false
        },
        "Codec" : "ac3"
      }
    ]
  },
  "Type" : "DVDBackup",
  "PadForce" : false,
  "PadValue" : false,
  "CustomProfile" : 0,
  "Subtitle" : {
    "TrackNumLimit" : 0,
    "AllowImageSubTrack" : false,
    "BurnedInDefault" : false
  }
}