{
  "Extension" : "m4a",
  "Target" : "M4A",
  "ToDevice" : [
    "iTunes",
    "iPhone"
  ],
  "Quality" : 3,
  "Audio" : {
    "TrackNumLimit" : 1,
    "DefaultCodec" : "aac",
    "Codecs" : [
      {
        "Bitrate" : {
          "Presets" : [
            "320",
            "256",
            "224",
            "192",
            "160",
            "128",
            "112",
            "96",
            "80",
            "64",
            "56",
            "48"
          ],
          "Value" : "128",
          "Editable" : false
        },
        "SampleRate" : {
          "Presets" : [
            "48000",
            "44100",
            "32000",
            "22050",
            "16000"
          ],
          "Value" : "44100",
          "Editable" : false
        },
        "Codec" : "aac",
        "TrackLimit" : 1,
        "Channel" : {
          "Presets" : [
            "2"
          ],
          "Value" : "2",
          "Editable" : false
        }
      }
    ]
  },
  "Comment" : "",
  "Summary" : {
    "Recommend" : false,
    "ShortTitles" : {
      "fr" : "M4A",
      "ko" : "M4A",
      "zh-hant" : "M4A",
      "de" : "M4A",
      "it" : "M4A",
      "pt-pt" : "M4A",
      "es" : "M4A",
      "en" : "M4A",
      "zh-hans" : "M4A",
      "ja" : "M4A"
    },
    "Descriptions" : {
      "fr" : "Fichier M4A, avec codage Audio avancé",
      "ko" : "M4A파일, 고급 오디오 코딩 사용",
      "zh-hant" : "MP4檔案中標準的音訊格式",
      "de" : "Advanced Audio Coding in M4A-Container",
      "it" : "File M4A, utilizzare audio codifica avanzata",
      "pt-pt" : "Arquivo M4A, usar código de áudio de nível alto",
      "es" : "Archivo M4A, del avanzado Audio Coding",
      "en" : "Advanced Audio Codec in M4A container",
      "zh-hans" : "M4A文件，使用高级音频编码",
      "ja" : "M4Aファイルで先進的なオーディオコーデック"
    },
    "AudioCodec" : "AAC",
    "KeyWords" : "",
    "Titles" : {
      "fr" : "M4A",
      "ko" : "M4A",
      "zh-hant" : "M4A",
      "de" : "M4A",
      "it" : "M4A",
      "pt-pt" : "M4A",
      "es" : "M4A",
      "en" : "M4A",
      "zh-hans" : "M4A",
      "ja" : "M4A"
    }
  },
  "Type" : "Music",
  "CustomProfile" : 0,
  "ID" : 1000014
}