{
  "Extension" : "m4r",
  "Target" : "M4R",
  "ToDevice" : [
    "iTunes",
    "iPhone"
  ],
  "Quality" : 3,
  "Audio" : {
    "TrackNumLimit" : 1,
    "DefaultCodec" : "aac",
    "Codecs" : [
      {
        "Bitrate" : {
          "Presets" : [
            "160",
            "128",
            "96",
            "64"
          ],
          "Value" : "128",
          "Editable" : false
        },
        "SampleRate" : {
          "Presets" : [
            "48000",
            "44100",
            "32000",
            "22050"
          ],
          "Value" : "44100",
          "Editable" : false
        },
        "Codec" : "aac",
        "TrackLimit" : 1,
        "Channel" : {
          "Presets" : [
            "2"
          ],
          "Value" : "2",
          "Editable" : false
        }
      }
    ]
  },
  "Comment" : "",
  "Summary" : {
    "Recommend" : false,
    "ShortTitles" : {
      "fr" : "M4R",
      "ko" : "M4R",
      "zh-hant" : "M4R",
      "de" : "M4R",
      "it" : "M4R",
      "pt-pt" : "M4R",
      "es" : "M4R",
      "en" : "M4R",
      "zh-hans" : "M4R",
      "ja" : "M4R"
    },
    "Descriptions" : {
      "fr" : "Format M4R pour la sonette iPhone",
      "ko" : "iPhone벨소리에 적용되는 iPhone파일",
      "zh-hant" : "適用於iPhone的音訊格式",
      "de" : "M4R Format für iPhone-Klingelton",
      "it" : "File M4R suoneria per iPhone",
      "pt-pt" : "Arquivo M4R usado para ringue de iphone",
      "es" : "M4R ringtone para iPhone",
      "en" : "M4R format for iPhone Ringtone",
      "zh-hans" : "用于iPhone铃声的M4R文件",
      "ja" : "iPhone着信音用M4R形式"
    },
    "AudioCodec" : "AAC",
    "KeyWords" : "",
    "Titles" : {
      "fr" : "Sonette iPhone",
      "ko" : "iPhone 벨소리",
      "zh-hant" : "iPhone鈴聲",
      "de" : "iPhone Klingelton",
      "it" : "iPhone suoneria",
      "pt-pt" : "ringue de iPhone",
      "es" : "iPhone Ringtone",
      "en" : "iPhone Ringtone",
      "zh-hans" : "iPhone 铃声",
      "ja" : "iPhone着信音"
    }
  },
  "Type" : "Music",
  "CustomProfile" : 0,
  "ID" : 1000018
}