{
  "Extension" : "mkv",
  "Quality" : 3,
  "ToDevice" : [

  ],
  "Video" : {
    "TrackNumLimit" : 16,
    "DefaultCodec" : "copy",
    "Codecs" : [
      {
        "Aspect" : {
          "Presets" : [
            "keep original",
            "16:10",
            "16:9",
            "4:3",
            "3:2",
            "5:4",
            "5:3",
            "1:1",
            "2.21:1",
            "2.35:1",
            "2.39:1"
          ],
          "Value" : "keep original",
          "Editable" : false
        },
        "Resolution" : {
          "Presets" : [
            "keep original",
            "480x320",
            "640x480",
            "720x480",
            "960x640",
            "1280x720",
            "1920x1080"
          ],
          "Modified" : false,
          "Value" : "keep original",
          "Editable" : true
        },
        "Bitrate" : {
          "Presets" : [
            "Auto Calculate",
            "Manual"
          ],
          "2PassEncode" : false,
          "Value" : "Auto Calculate",
          "Editable" : false,
          "Mode" : "CBR"
        },
        "BFrames" : {
          "Presets" : [
            "0",
            "1",
            "2",
            "3",
            "4",
            "5",
            "6",
            "7",
            "8",
            "9",
            "10",
            "11",
            "12",
            "13",
            "14",
            "15",
            "16"
          ],
          "Value" : "0",
          "Editable" : false
        },
        "GOP" : 250,
        "FrameRate" : {
          "Presets" : [
            "keep original",
            "15",
            "23.976",
            "24",
            "25",
            "29.97",
            "30",
            "50",
            "59.94",
            "60"
          ],
          "Value" : "keep original",
          "Editable" : false
        },
        "Codec" : "copy",
        "ProfileLevel" : {
          "Presets" : [
            "baseline",
            "main",
            "high"
          ],
          "Value" : "main",
          "Editable" : false,
          "Level" : "4.1"
        },
        "Limit" : {
          "MaxWidth" : -1,
          "MaxFrameRate" : -1,
          "MaxHeight" : -1,
          "MaxBitRate" : -1,
          "AllowBFrames" : -1,
          "AllowPassthrough" : 1
        }
      }
    ]
  },
  "ID" : 1000159,
  "Target" : "tool_mkv",
  "Comment" : "",
  "Summary" : {
    "Titles" : {
      "fr" : "Passer à travers le flux vidéo en MKV",
      "zh-hant" : "將影片流直接封裝為MKV",
      "de" : "Videostream in MKV mittels Passthrough",
      "zh-hans" : "将视频流直接封装为MKV",
      "es" : "Pasar pista de vídeo a MKV",
      "en" : "Pass through video stream to MKV",
      "ja" : "ビデオストリームをMKVに作成"
    },
    "ShortTitles" : {
      "fr" : "Faire MKV",
      "zh-hant" : "MKVMaker",
      "de" : "MKVMaker",
      "zh-hans" : "MKVMaker",
      "es" : "Crear MKV",
      "en" : "MKVMaker",
      "ja" : "MKV作成"
    },
    "AudioCodec" : "",
    "Descriptions" : {
      "fr" : "Passer à travers le flux vidéo en MKV",
      "zh-hant" : "將影片流直接封裝為MKV",
      "de" : "Videostream in MKV mittels Passthrough",
      "zh-hans" : "将视频流直接封装为MKV",
      "es" : "Pasa la pista de vídeo a MKV",
      "en" : "Pass through video stream fast to MKV with high image quality",
      "ja" : "ビデオストリームをMKVに作成する"
    },
    "Recommend" : false,
    "KeyWords" : "",
    "VideoCodec" : "COPY",
    "Resolution" : ""
  },
  "Audio" : {
    "TrackNumLimit" : 16,
    "DefaultCodec" : "copy",
    "CodecsPassthru" : [

    ],
    "Codecs" : [
      {
        "Bitrate" : {
          "Presets" : [
            "160",
            "128",
            "112",
            "96",
            "80",
            "64",
            "56",
            "48"
          ],
          "Value" : "128",
          "Editable" : false
        },
        "SampleRate" : {
          "Presets" : [
            "48000",
            "44100",
            "32000",
            "22050",
            "16000"
          ],
          "Value" : "44100",
          "Editable" : false
        },
        "Channel" : {
          "Presets" : [
            "2"
          ],
          "Value" : "2",
          "Editable" : false
        },
        "Codec" : "copy"
      }
    ]
  },
  "Type" : "VideoTool",
  "PadForce" : false,
  "PadValue" : false,
  "CustomProfile" : 0,
  "Subtitle" : {
    "TrackNumLimit" : 16,
    "AllowImageSubTrack" : true,
    "BurnedInDefault" : true
  }
}