{
  "Extension" : "mkv",
  "Quality" : 3,
  "ToDevice" : [

  ],
  "Video" : {
    "TrackNumLimit" : 1,
    "DefaultCodec" : "mpeg2",
    "Codecs" : [
      {
        "Aspect" : {
          "Presets" : [
            "keep original",
            "16:10",
            "16:9",
            "4:3",
            "3:2",
            "5:4",
            "5:3",
            "1:1",
            "2.21:1",
            "2.35:1",
            "2.39:1"
          ],
          "Value" : "keep original",
          "Editable" : false
        },
        "Resolution" : {
          "Presets" : [
            "keep original",
            "480x320",
            "640x480",
            "720x480",
            "960x640",
            "1280x720",
            "1920x1080"
          ],
          "Modified" : false,
          "Value" : "1920x1080",
          "Editable" : true
        },
        "Bitrate" : {
          "Presets" : [
            "Auto Calculate",
            "Manual"
          ],
          "2PassEncode" : false,
          "Value" : "Auto Calculate",
          "Editable" : false,
          "Mode" : "CBR"
        },
        "BFrames" : {
          "Presets" : [
            "0",
            "1",
            "2",
            "3",
            "4",
            "5",
            "6",
            "7",
            "8",
            "9",
            "10",
            "11",
            "12",
            "13",
            "14",
            "15",
            "16"
          ],
          "Value" : "0",
          "Editable" : false
        },
        "GOP" : 250,
        "FrameRate" : {
          "Presets" : [
            "keep original",
            "15",
            "23.976",
            "24",
            "25",
            "29.97",
            "30",
            "50",
            "59.94",
            "60"
          ],
          "Value" : "23.976",
          "Editable" : false
        },
        "Codec" : "mpeg2",
        "ProfileLevel" : {
          "Presets" : [
            "baseline",
            "main",
            "high"
          ],
          "Value" : "main",
          "Editable" : false,
          "Level" : "4.1"
        },
        "Limit" : {
          "MaxWidth" : -1,
          "MaxFrameRate" : -1,
          "MaxHeight" : -1,
          "MaxBitRate" : -1,
          "AllowBFrames" : -1,
          "AllowPassthrough" : 1
        }
      }
    ]
  },
  "ID" : 1000201,
  "Target" : "mkv_copy",
  "Comment" : "",
  "Summary" : {
    "Titles" : {
      "fr" : "Copiez tout le titre en MKV",
      "zh-hant" : "複製完整標題為MKV",
      "de" : "Vollständige Titel in MKV kopieren",
      "zh-hans" : "将完整标题复制为MKV",
      "es" : "Copiar título completo a MKV",
      "en" : "Copy full title to MKV",
      "ja" : "タイトルをMKVへ丸ごとコピー"
    },
    "ShortTitles" : {
      "fr" : "MKV Copy",
      "zh-hant" : "MKV Copy",
      "de" : "MKV Copy",
      "zh-hans" : "MKV Copy",
      "es" : "Copia a MKV",
      "en" : "MKV Copy",
      "ja" : "MKVコピー"
    },
    "AudioCodec" : "AC3",
    "Descriptions" : {
      "fr" : "Sauvegarder tous le titre en incluant tous les audios \/ vidéos \/ sous-titres en MKV",
      "zh-hant" : "將完整標題（含全部音訊\/影片\/字幕）複製為MKV影片",
      "de" : "Vollständige Titel, inkl. aller Audios \/ Videos \/ Untertitel in MKV kopieren",
      "zh-hans" : "将完整标题（含全部音频\/视频\/字幕）复制为MKV",
      "es" : "Copia título completo, incluido todos los audios\/vídeos\/subtítulos en MKV",
      "en" : "Backup full title, include all audios\/videos\/subtitles to MKV.",
      "ja" : "すべてのオーディオ\/ビデオ\/字幕を含むフルタイトルをMKVへバックアップ"
    },
    "Recommend" : false,
    "KeyWords" : "",
    "VideoCodec" : "MPEG2",
    "Resolution" : ""
  },
  "Audio" : {
    "TrackNumLimit" : 16,
    "DefaultCodec" : "ac3",
    "CodecsPassthru" : [
      "ac3",
      "dts",
      "dts-hd"
    ],
    "Codecs" : [
      {
        "Bitrate" : {
          "Presets" : [
            "160",
            "128",
            "112",
            "96",
            "80",
            "64",
            "56",
            "48"
          ],
          "Value" : "128",
          "Editable" : false
        },
        "SampleRate" : {
          "Presets" : [
            "48000",
            "44100",
            "32000",
            "22050",
            "16000"
          ],
          "Value" : "44100",
          "Editable" : false
        },
        "Channel" : {
          "Presets" : [
            "2"
          ],
          "Value" : "2",
          "Editable" : false
        },
        "Codec" : "ac3"
      }
    ]
  },
  "Type" : "DVDBackup",
  "PadForce" : false,
  "PadValue" : false,
  "CustomProfile" : 0,
  "Subtitle" : {
    "TrackNumLimit" : 0,
    "AllowImageSubTrack" : false,
    "BurnedInDefault" : false
  }
}