{
  "Extension" : "mkv",
  "Quality" : 3,
  "ToDevice" : [

  ],
  "Video" : {
    "TrackNumLimit" : 1,
    "DefaultCodec" : "h.264",
    "Codecs" : [
      {
        "Aspect" : {
          "Presets" : [
            "keep original",
            "16:10",
            "16:9",
            "4:3",
            "3:2",
            "5:4",
            "5:3",
            "1:1",
            "2.21:1",
            "2.35:1",
            "2.39:1"
          ],
          "Value" : "keep original",
          "Editable" : false
        },
        "Resolution" : {
          "Presets" : [
            "keep original",
            "480x320",
            "640x480",
            "720x480",
            "960x640",
            "1280x720",
            "1920x1080"
          ],
          "Modified" : false,
          "Value" : "1920x1080",
          "Editable" : true
        },
        "Bitrate" : {
          "Presets" : [
            "Auto Calculate",
            "Manual"
          ],
          "2PassEncode" : false,
          "Value" : "Auto Calculate",
          "Editable" : false,
          "Mode" : "CBR"
        },
        "BFrames" : {
          "Presets" : [
            "0",
            "1",
            "2",
            "3",
            "4",
            "5",
            "6",
            "7",
            "8",
            "9",
            "10",
            "11",
            "12",
            "13",
            "14",
            "15",
            "16"
          ],
          "Value" : "0",
          "Editable" : false
        },
        "GOP" : 250,
        "FrameRate" : {
          "Presets" : [
            "keep original",
            "15",
            "23.976",
            "24",
            "25",
            "29.97",
            "30",
            "50",
            "59.94",
            "60"
          ],
          "Value" : "23.976",
          "Editable" : false
        },
        "Codec" : "h.264",
        "ProfileLevel" : {
          "Presets" : [
            "baseline",
            "main",
            "high"
          ],
          "Value" : "main",
          "Editable" : false,
          "Level" : "4.1"
        },
        "Limit" : {
          "MaxWidth" : -1,
          "MaxFrameRate" : -1,
          "MaxHeight" : -1,
          "MaxBitRate" : -1,
          "AllowBFrames" : -1,
          "AllowPassthrough" : 1
        }
      }
    ]
  },
  "ID" : 1000202,
  "Target" : "mkv_h264",
  "Comment" : "",
  "Summary" : {
    "Titles" : {
      "fr" : "Sauvegarder tout le titre",
      "zh-hant" : "備份完整標題",
      "de" : "Vollständige Titel sichern",
      "zh-hans" : "备份完整标题",
      "es" : "Copiar título completo",
      "en" : "Full Title Backup",
      "ja" : "タイトルを丸ごとバックアップ"
    },
    "ShortTitles" : {
      "fr" : "H264 MKV",
      "zh-hant" : "H264 MKV",
      "de" : "H264 MKV",
      "zh-hans" : "H264 MKV",
      "es" : "H264 MKV",
      "en" : "H264 MKV",
      "ja" : "H264 MKV"
    },
    "AudioCodec" : "AC3",
    "Descriptions" : {
      "fr" : "Sauvegardez tous le titre en MKV, codé en H264",
      "zh-hant" : "將完整標題轉換至MKV（H264編碼）",
      "de" : "Vollständige Titel in MKV (H.264) sichern",
      "zh-hans" : "将完整标题转换成MKV（H264编码）",
      "es" : "Copia título completo a MKV, codificado en H264",
      "en" : "Backup the full title to MKV, encoded in H264.",
      "ja" : "タイトルをH.264でエンコードされ、MKVへ丸ごとバックアップ"
    },
    "Recommend" : false,
    "KeyWords" : "",
    "VideoCodec" : "H264",
    "Resolution" : ""
  },
  "Audio" : {
    "TrackNumLimit" : 16,
    "DefaultCodec" : "ac3",
    "CodecsPassthru" : [
      "ac3",
      "dts",
      "dts-hd"
    ],
    "Codecs" : [
      {
        "Bitrate" : {
          "Presets" : [
            "448",
            "320",
            "160",
            "128",
            "112",
            "96",
            "80",
            "64"
          ],
          "Value" : "128",
          "Editable" : false
        },
        "SampleRate" : {
          "Presets" : [
            "48000",
            "44100",
            "32000",
            "22050",
            "16000"
          ],
          "Value" : "44100",
          "Editable" : false
        },
        "Channel" : {
          "Presets" : [
            "2"
          ],
          "Value" : "2",
          "Editable" : false
        },
        "Codec" : "ac3"
      }
    ]
  },
  "Type" : "DVDBackup",
  "PadForce" : false,
  "PadValue" : false,
  "CustomProfile" : 0,
  "Subtitle" : {
    "TrackNumLimit" : 0,
    "AllowImageSubTrack" : false,
    "BurnedInDefault" : false
  }
}