{
  "Extension" : "mov",
  "Quality" : 3,
  "ToDevice" : [
    "iTunes"
  ],
  "Video" : {
    "TrackNumLimit" : 1,
    "DefaultCodec" : "h.264",
    "Codecs" : [
      {
        "Aspect" : {
          "Presets" : [
            "keep original",
            "16:10",
            "16:9",
            "4:3",
            "3:2",
            "5:4",
            "5:3",
            "1:1",
            "2.21:1",
            "2.35:1",
            "2.39:1",
            "10:16",
            "9:16",
            "3:4",
            "2:3",
            "4:5",
            "3:5",
            "1:2.21",
            "1:2.35",
            "1:2.39"
          ],
          "Value" : "keep original",
          "Editable" : false
        },
        "Resolution" : {
          "Presets" : [
            "keep original",
            "480x320",
            "640x480",
            "720x480",
            "960x640",
            "1280x720",
            "1920x1080",
            "2560x1080",
            "2560x1440 (2K)",
            "3840x2160 (4K)",
            "1080x1920",
            "720x1280",
            "640x960",
            "480x720",
            "480x640",
            "320x480"
          ],
          "Modified" : false,
          "Value" : "1920x1080",
          "Editable" : true
        },
        "Bitrate" : {
          "Presets" : [
            "Auto Calculate",
            "Manual"
          ],
          "2PassEncode" : false,
          "Value" : "Auto Calculate",
          "Editable" : false,
          "Mode" : "CBR"
        },
        "BFrames" : {
          "Presets" : [
            "0",
            "1",
            "2",
            "3",
            "4",
            "5",
            "6",
            "7",
            "8",
            "9",
            "10",
            "11",
            "12",
            "13",
            "14",
            "15",
            "16"
          ],
          "Value" : "0",
          "Editable" : false
        },
        "GOP" : 250,
        "FrameRate" : {
          "Presets" : [
            "keep original",
            "15",
            "23.976",
            "24",
            "25",
            "29.97",
            "30",
            "50",
            "59.94",
            "60"
          ],
          "Value" : "keep original",
          "Editable" : false
        },
        "Codec" : "h.264",
        "ProfileLevel" : {
          "Presets" : [
            "baseline",
            "main",
            "high"
          ],
          "Value" : "main",
          "Editable" : false,
          "Level" : "4.1"
        },
        "Limit" : {
          "MaxWidth" : -1,
          "MaxFrameRate" : -1,
          "MaxHeight" : -1,
          "MaxBitRate" : -1,
          "AllowBFrames" : -1,
          "AllowPassthrough" : 1
        }
      }
    ]
  },
  "ID" : 1000065,
  "Target" : "MOV",
  "Comment" : "",
  "Summary" : {
    "Titles" : {
      "fr" : "MOV Vidéo",
      "zh-hant" : "MOV",
      "de" : "MOV Video",
      "zh-hans" : "MOV",
      "es" : "Vídeo MOV",
      "en" : "MOV Video",
      "ja" : "MOV動画"
    },
    "ShortTitles" : {
      "fr" : "MOV",
      "zh-hant" : "MOV",
      "de" : "MOV",
      "zh-hans" : "MOV",
      "es" : "MOV",
      "en" : "MOV",
      "ja" : "MOV"
    },
    "AudioCodec" : "AAC",
    "Descriptions" : {
      "fr" : "Format Apple QuickTime",
      "zh-hant" : "適用於Apple QuickTime的影片格式",
      "de" : "Apple QuickTime-Format",
      "zh-hans" : "Apple QuickTime格式",
      "es" : "Formato de Apple QuickTime",
      "en" : "Apple QuickTime format",
      "ja" : "Apple QuickTime形式"
    },
    "Recommend" : false,
    "KeyWords" : "",
    "VideoCodec" : "H264",
    "Resolution" : ""
  },
  "Audio" : {
    "TrackNumLimit" : 1,
    "DefaultCodec" : "aac",
    "CodecsPassthru" : [
      "aac",
      "mp3",
      "ac3",
      "dts",
      "dts-hd"
    ],
    "Codecs" : [
      {
        "Bitrate" : {
          "Presets" : [
            "160",
            "128",
            "112",
            "96",
            "80",
            "64",
            "56",
            "48"
          ],
          "Value" : "128",
          "Editable" : false
        },
        "SampleRate" : {
          "Presets" : [
            "48000",
            "44100",
            "32000",
            "22050",
            "16000"
          ],
          "Value" : "44100",
          "Editable" : false
        },
        "Channel" : {
          "Presets" : [
            "2",
            "5.1 Surround"
          ],
          "Value" : "2",
          "Editable" : false
        },
        "Codec" : "aac"
      }
    ]
  },
  "Type" : "GenericVideo",
  "PadForce" : false,
  "PadValue" : false,
  "CustomProfile" : 0,
  "Subtitle" : {
    "TrackNumLimit" : 1,
    "AllowImageSubTrack" : false,
    "BurnedInDefault" : false
  }
}