{
  "Extension" : "mp3",
  "Target" : "MP3",
  "ToDevice" : [
    "iTunes",
    "iPhone"
  ],
  "Quality" : 3,
  "Audio" : {
    "TrackNumLimit" : 1,
    "DefaultCodec" : "mp3",
    "Codecs" : [
      {
        "Bitrate" : {
          "Presets" : [
            "256",
            "224",
            "192",
            "160",
            "128",
            "112",
            "96",
            "80",
            "64",
            "48"
          ],
          "Value" : "128",
          "Editable" : false
        },
        "SampleRate" : {
          "Presets" : [
            "48000",
            "44100",
            "32000",
            "22050",
            "16000"
          ],
          "Value" : "44100",
          "Editable" : false
        },
        "Codec" : "mp3",
        "TrackLimit" : 1,
        "Channel" : {
          "Presets" : [
            "2"
          ],
          "Value" : "2",
          "Editable" : false
        }
      }
    ]
  },
  "Comment" : "",
  "Summary" : {
    "Recommend" : false,
    "ShortTitles" : {
      "fr" : "MP3",
      "ko" : "MP3",
      "zh-hant" : "MP3",
      "de" : "MP3",
      "it" : "MP3",
      "pt-pt" : "MP3",
      "es" : "MP3",
      "en" : "MP3",
      "zh-hans" : "MP3",
      "ja" : "MP3"
    },
    "Descriptions" : {
      "fr" : "Format MP3 pour iTunes, iPhone etc",
      "ko" : "iTunes, iPhone  등에 적용되는 MP3파일",
      "zh-hant" : "適用於iTunes、iPhone的MP3音樂檔案",
      "de" : "MP3 Format für iTunes, iPhone und so weiter",
      "it" : "File MP3 adatto per iTunes, iPhone ecc.",
      "pt-pt" : "Formato MP3 para iTunes, iPhone",
      "es" : "MP3 para iTunes, iPhone etc.",
      "en" : "MP3 format for iTunes, iPhone and so on",
      "zh-hans" : "适用于iTunes, iPhone 等的MP3文件",
      "ja" : "iTunes, iPhoneなどのデバイス用MP3形式"
    },
    "AudioCodec" : "MP3",
    "KeyWords" : "",
    "Titles" : {
      "fr" : "MP3",
      "ko" : "MP3",
      "zh-hant" : "MP3",
      "de" : "MP3",
      "it" : "MP3",
      "pt-pt" : "MP3",
      "es" : "MP3",
      "en" : "MP3",
      "zh-hans" : "MP3",
      "ja" : "MP3"
    }
  },
  "Type" : "Music",
  "CustomProfile" : 0,
  "ID" : 1000009
}