{
  "Extension" : "mp4",
  "Quality" : 3,
  "ToDevice" : [

  ],
  "Video" : {
    "TrackNumLimit" : 1,
    "DefaultCodec" : "mpeg4",
    "Codecs" : [
      {
        "Aspect" : {
          "Presets" : [
            "keep original",
            "16:10",
            "16:9",
            "4:3",
            "3:2",
            "5:4",
            "5:3",
            "1:1",
            "2.21:1",
            "2.35:1",
            "2.39:1",
            "10:16",
            "9:16",
            "3:4",
            "2:3",
            "4:5",
            "3:5",
            "1:2.21",
            "1:2.35",
            "1:2.39"
          ],
          "Value" : "keep original",
          "Editable" : false
        },
        "Bitrate" : {
          "Presets" : [
            "Auto Calculate",
            "Manual"
          ],
          "2PassEncode" : false,
          "Value" : "Auto Calculate",
          "Editable" : false,
          "Mode" : "CBR"
        },
        "BFrames" : {
          "Presets" : [
            "0",
            "1",
            "2",
            "3",
            "4",
            "5",
            "6",
            "7",
            "8",
            "9",
            "10",
            "11",
            "12",
            "13",
            "14",
            "15",
            "16"
          ],
          "Value" : "0",
          "Editable" : false
        },
        "GOP" : 250,
        "FrameRate" : {
          "Presets" : [
            "keep original",
            "15",
            "23.976",
            "24",
            "25",
            "29.97",
            "30",
            "50",
            "59.94",
            "60"
          ],
          "Value" : "29.97",
          "Editable" : false
        },
        "Limit" : {
          "MaxWidth" : -1,
          "MaxFrameRate" : -1,
          "MaxHeight" : -1,
          "MaxBitRate" : -1,
          "AllowBFrames" : -1,
          "AllowPassthrough" : 1
        },
        "Resolution" : {
          "Presets" : [
            "keep original",
            "320x240",
            "480x320",
            "640x480",
            "720x480",
            "960x640",
            "1280x720",
            "1920x1080",
            "1080x1920",
            "720x1280",
            "640x960",
            "480x720",
            "480x640",
            "320x480",
            "240x320"
          ],
          "Modified" : false,
          "Value" : "1920x1080",
          "Editable" : true
        },
        "Codec" : "mpeg4"
      }
    ]
  },
  "ID" : 1000049,
  "Target" : "MP4",
  "Comment" : "",
  "Summary" : {
    "Titles" : {
      "fr" : "Vidéo MP4 (MPEG4)",
      "ko" : "MP4 비디오 (MPEG4)",
      "zh-hant" : "MP4 (MPEG4)",
      "de" : "MP4 Video (MPEG4)",
      "it" : "MP4 video (MPEG4)",
      "pt-pt" : "Vídeo de MP4 (MPEG4)",
      "es" : "Vídeo de MP4 (MPEG4)",
      "en" : "MP4 Video (MPEG4)",
      "zh-hans" : "MP4 (MPEG4)",
      "ja" : "MP4動画 (MPEG4)"
    },
    "ShortTitles" : {
      "fr" : "MP4",
      "ko" : "MP4",
      "zh-hant" : "MP4",
      "de" : "MP4",
      "it" : "MP4",
      "pt-pt" : "MP4",
      "es" : "MP4",
      "en" : "MP4",
      "zh-hans" : "MP4",
      "ja" : "MP4"
    },
    "AudioCodec" : "AAC",
    "Descriptions" : {
      "fr" : "Format MP4",
      "ko" : "PC 통용 MP4비디오",
      "zh-hant" : "PC通用MP4影片格式",
      "de" : "MP4 Format",
      "it" : "MP4 format",
      "pt-pt" : "MP4 format",
      "es" : "MP4 format",
      "en" : "MP4 format",
      "zh-hans" : "PC通用MP4视频",
      "ja" : "PCの通常動画用MP4形式"
    },
    "Recommend" : false,
    "KeyWords" : "",
    "VideoCodec" : "MPEG4",
    "Resolution" : ""
  },
  "Audio" : {
    "TrackNumLimit" : 1,
    "DefaultCodec" : "aac",
    "CodecsPassthru" : [
      "aac"
    ],
    "Codecs" : [
      {
        "Bitrate" : {
          "Presets" : [
            "160",
            "128",
            "112",
            "96",
            "80",
            "64",
            "56",
            "48"
          ],
          "Value" : "128",
          "Editable" : false
        },
        "SampleRate" : {
          "Presets" : [
            "48000",
            "44100",
            "32000",
            "22050",
            "16000"
          ],
          "Value" : "44100",
          "Editable" : false
        },
        "Channel" : {
          "Presets" : [
            "2",
            "5.1 Surround"
          ],
          "Value" : "2",
          "Editable" : false
        },
        "Codec" : "aac"
      },
      {
        "Bitrate" : {
          "Presets" : [
            "160",
            "128",
            "112",
            "96",
            "80",
            "64",
            "56",
            "48"
          ],
          "Value" : "128",
          "Editable" : false
        },
        "SampleRate" : {
          "Presets" : [
            "48000",
            "44100",
            "32000",
            "22050",
            "16000"
          ],
          "Value" : "44100",
          "Editable" : false
        },
        "Channel" : {
          "Presets" : [
            "2"
          ],
          "Value" : "2",
          "Editable" : false
        },
        "Codec" : "mp3"
      }
    ]
  },
  "Type" : "GenericVideo",
  "PadForce" : false,
  "PadValue" : false,
  "CustomProfile" : 0,
  "Subtitle" : {
    "TrackNumLimit" : 1,
    "AllowImageSubTrack" : false,
    "BurnedInDefault" : true
  }
}