{
  "Extension" : "mpg",
  "Quality" : 3,
  "ToDevice" : [

  ],
  "Video" : {
    "TrackNumLimit" : 1,
    "DefaultCodec" : "mpeg2",
    "Codecs" : [
      {
        "Aspect" : {
          "Presets" : [
            "keep original",
            "16:10",
            "16:9",
            "4:3",
            "3:2",
            "5:4",
            "5:3",
            "1:1",
            "2.21:1",
            "2.35:1",
            "2.39:1",
            "10:16",
            "9:16",
            "3:4",
            "2:3",
            "4:5",
            "3:5",
            "1:2.21",
            "1:2.35",
            "1:2.39"
          ],
          "Value" : "keep original",
          "Editable" : false
        },
        "Resolution" : {
          "Presets" : [
            "720x480",
            "720x576"
          ],
          "Modified" : false,
          "Value" : "720x480",
          "Editable" : false
        },
        "Bitrate" : {
          "Presets" : [
            "Auto Calculate",
            "Manual"
          ],
          "2PassEncode" : false,
          "Value" : "Auto Calculate",
          "Editable" : false,
          "Mode" : "CBR"
        },
        "BFrames" : {
          "Presets" : [
            "0",
            "1",
            "2",
            "3",
            "4",
            "5",
            "6",
            "7",
            "8",
            "9",
            "10",
            "11",
            "12",
            "13",
            "14",
            "15",
            "16"
          ],
          "Value" : "0",
          "Editable" : false
        },
        "GOP" : 250,
        "FrameRate" : {
          "Presets" : [
            "25",
            "29.97"
          ],
          "Value" : "29.97",
          "Editable" : false
        },
        "Codec" : "mpeg2",
        "ProfileLevel" : {
          "Presets" : [
            "baseline",
            "main",
            "high"
          ],
          "Value" : "main",
          "Editable" : false,
          "Level" : "4.1"
        },
        "Limit" : {
          "MaxWidth" : 720,
          "MaxFrameRate" : -1,
          "MaxHeight" : 576,
          "MaxBitRate" : -1,
          "AllowBFrames" : -1,
          "AllowPassthrough" : 1
        }
      }
    ]
  },
  "ID" : 1000134,
  "Target" : "",
  "Comment" : "",
  "Summary" : {
    "Titles" : {
      "fr" : "Vidéo MPEG2",
      "ko" : "MPEG2 비디오",
      "zh-hant" : "MPEG2",
      "de" : "MPEG2 Video",
      "it" : "MPEG2 video",
      "pt-pt" : "Vídeo de MPEG2",
      "es" : "Vídeo de MPEG2",
      "en" : "MPEG2 Video",
      "zh-hans" : "MPEG2",
      "ja" : "MPEG2動画"
    },
    "ShortTitles" : {
      "fr" : "MPEG2",
      "ko" : "MPEG2",
      "zh-hant" : "MPEG2",
      "de" : "MPEG2",
      "it" : "MPEG2",
      "pt-pt" : "MPEG2",
      "es" : "MPEG2",
      "en" : "MPEG2",
      "zh-hans" : "MPEG2",
      "ja" : "MPEG2"
    },
    "AudioCodec" : "MP2",
    "Descriptions" : {
      "fr" : "Format vidéo MPEG2",
      "ko" : "MPEG2비디오",
      "zh-hant" : "MPEG2 影片",
      "de" : "MPEG2 Videoformat",
      "it" : "Video MPEG2",
      "pt-pt" : "Vídeo MPEG2",
      "es" : "MPEG2 Video",
      "en" : "MPEG2 video format",
      "zh-hans" : "MPEG2 视频",
      "ja" : "MPEG2動画形式"
    },
    "Recommend" : false,
    "KeyWords" : "",
    "VideoCodec" : "MPEG2",
    "Resolution" : ""
  },
  "Audio" : {
    "TrackNumLimit" : 8,
    "DefaultCodec" : "mp2",
    "CodecsPassthru" : [
      "mpeg2 audio",
      "aac",
      "mp3",
      "ac3",
      "dts",
      "dts-hd"
    ],
    "Codecs" : [
      {
        "Bitrate" : {
          "Presets" : [
            "256",
            "192",
            "160",
            "128",
            "112",
            "96",
            "80",
            "64",
            "56"
          ],
          "Value" : "128",
          "Editable" : false
        },
        "SampleRate" : {
          "Presets" : [
            "48000",
            "44100"
          ],
          "Value" : "44100",
          "Editable" : false
        },
        "Channel" : {
          "Presets" : [
            "2"
          ],
          "Value" : "2",
          "Editable" : false
        },
        "Codec" : "mp2"
      }
    ]
  },
  "Type" : "GenericVideo",
  "PadForce" : true,
  "PadValue" : true,
  "CustomProfile" : 0,
  "Subtitle" : {
    "TrackNumLimit" : 0,
    "AllowImageSubTrack" : false,
    "BurnedInDefault" : true
  }
}