{
  "Extension" : "mp4",
  "Quality" : 3,
  "ToDevice" : [
    "iTunes"
  ],
  "Video" : {
    "TrackNumLimit" : 1,
    "DefaultCodec" : "mpeg4",
    "Codecs" : [
      {
        "Aspect" : {
          "Presets" : [
            "keep original",
            "16:10",
            "16:9",
            "4:3",
            "3:2",
            "5:4",
            "5:3",
            "1:1",
            "2.21:1",
            "2.35:1",
            "2.39:1"
          ],
          "Value" : "keep original",
          "Editable" : 0
        },
        "Bitrate" : {
          "Presets" : [
            "Auto Calculate",
            "Manual"
          ],
          "2PassEncode" : false,
          "Value" : "Auto Calculate",
          "Editable" : false,
          "Mode" : "CBR"
        },
        "BFrames" : {
          "Presets" : [
            "0",
            "1",
            "2",
            "3",
            "4",
            "5",
            "6",
            "7",
            "8",
            "9",
            "10",
            "11",
            "12",
            "13",
            "14",
            "15",
            "16"
          ],
          "Value" : "0",
          "Editable" : false
        },
        "GOP" : 250,
        "FrameRate" : {
          "Presets" : [
            "keep original",
            "15",
            "23.976",
            "24",
            "25",
            "29.97",
            "30",
            "50",
            "59.94",
            "60"
          ],
          "Value" : "29.97",
          "Editable" : 0
        },
        "Limit" : {
          "MaxWidth" : -1,
          "MaxFrameRate" : -1,
          "MaxHeight" : -1,
          "MaxBitRate" : -1,
          "AllowBFrames" : -1,
          "AllowPassthrough" : 1
        },
        "Resolution" : {
          "Presets" : [
            "keep original",
            "320x240",
            "480x320",
            "640x480",
            "720x480",
            "960x640",
            "1280x720",
            "1280x800",
            "1920x1080",
            "1920x1200"
          ],
          "Modified" : false,
          "Value" : "keep original",
          "Editable" : 1
        },
        "Codec" : "mpeg4"
      }
    ]
  },
  "ID" : 1000188,
  "Target" : "MP4",
  "Comment" : "",
  "Summary" : {
    "Titles" : {
      "fr" : "Vidéo MPEG4",
      "ko" : "MPEG4 비디오 ",
      "zh-hant" : "MPEG4",
      "de" : "MPEG4 Video",
      "it" : "MPEG4 video",
      "pt-pt" : "Vídeo de MPEG4",
      "es" : "Vídeo de MPEG4",
      "en" : "MPEG4 Video",
      "zh-hans" : "MPEG4",
      "ja" : "MPEG4動画"
    },
    "ShortTitles" : {
      "fr" : "MP4",
      "ko" : "MP4",
      "zh-hant" : "MP4",
      "de" : "MP4",
      "zh-hans" : "MP4",
      "it" : "MP4",
      "pt-pt" : "MP4",
      "en" : "MP4",
      "es" : "MP4",
      "ja" : "MP4"
    },
    "AudioCodec" : "MP3",
    "Descriptions" : {
      "fr" : "Format MP4 général pour ordinateur",
      "ko" : "통용 MP4비디오",
      "zh-hant" : "通用MP4影片",
      "de" : "Allgemeines MP4 video",
      "it" : "Video MP4 comune per ",
      "pt-pt" : "Formato MP4 para  general",
      "es" : "MP4 Video genérico para ",
      "en" : "MP4 format for general video",
      "zh-hans" : "通用MP4视频",
      "ja" : "通常動画用MP4形式"
    },
    "Recommend" : false,
    "KeyWords" : "",
    "VideoCodec" : "MPEG4",
    "Resolution" : ""
  },
  "Audio" : {
    "TrackNumLimit" : 1,
    "DefaultCodec" : "mp3",
    "CodecsPassthru" : [
      "mp3"
    ],
    "Codecs" : [
      {
        "Bitrate" : {
          "Presets" : [
            "32",
            "40",
            "48",
            "56",
            "64",
            "80",
            "96",
            "128",
            "160",
            "192",
            "224",
            "256",
            "320"
          ],
          "Value" : "128",
          "Editable" : "0"
        },
        "SampleRate" : {
          "Presets" : [
            "16000",
            "22050",
            "32000",
            "44100",
            "48000"
          ],
          "Value" : "44100",
          "Editable" : "0"
        },
        "Channel" : {
          "Presets" : [
            "2"
          ],
          "Value" : "2",
          "Editable" : "0"
        },
        "Codec" : "mp3"
      }
    ]
  },
  "Type" : "GenericVideo",
  "PadForce" : false,
  "PadValue" : false,
  "CustomProfile" : 0,
  "Subtitle" : {
    "TrackNumLimit" : 1,
    "AllowImageSubTrack" : false,
    "BurnedInDefault" : true
  }
}