{
  "Extension" : "ogg",
  "Target" : "OGG",
  "ToDevice" : [

  ],
  "Quality" : 3,
  "Audio" : {
    "TrackNumLimit" : 1,
    "DefaultCodec" : "ogg",
    "Codecs" : [
      {
        "Bitrate" : {
          "Presets" : [
            "256",
            "224",
            "192",
            "160",
            "128",
            "112",
            "96",
            "80",
            "64",
            "48"
          ],
          "Value" : "128",
          "Editable" : false
        },
        "SampleRate" : {
          "Presets" : [
            "48000",
            "44100",
            "32000",
            "22050",
            "16000"
          ],
          "Value" : "44100",
          "Editable" : false
        },
        "Codec" : "ogg",
        "TrackLimit" : 1,
        "Channel" : {
          "Presets" : [
            "2"
          ],
          "Value" : "2",
          "Editable" : false
        }
      }
    ]
  },
  "Comment" : "",
  "Summary" : {
    "Recommend" : false,
    "ShortTitles" : {
      "fr" : "OGG",
      "ko" : "OGG",
      "zh-hant" : "OGG",
      "de" : "OGG",
      "it" : "OGG",
      "pt-pt" : "OGG",
      "es" : "OGG",
      "en" : "OGG",
      "zh-hans" : "OGG",
      "ja" : "OGG"
    },
    "Descriptions" : {
      "fr" : "Supporter les pistes audio multiples et de meilleure qualité",
      "ko" : "멀티 오디오 트랙을 지원하며 품질이 비교적 양호합니다",
      "zh-hant" : "支援多音軌，並且音質較好",
      "de" : "Audioformat mit feiner Qualität, das mehrere Kanäle unterstützt.",
      "it" : "Supporto per piu’ tracce audio e una migliore qualita’",
      "pt-pt" : "Suportar para várias faixas de audio e com boa qualidade",
      "es" : "Soporte para múltiples pistas de audio y de mejor calidad",
      "en" : "Multi-channels supported audio format with fine quality",
      "zh-hans" : "支持多音轨并且质量较好",
      "ja" : "マルチチャンネルをサポートし、高品質オーディオ形式を出力します"
    },
    "AudioCodec" : "OGG",
    "KeyWords" : "",
    "Titles" : {
      "fr" : "OGG",
      "ko" : "OGG",
      "zh-hant" : "OGG",
      "de" : "OGG",
      "it" : "OGG",
      "pt-pt" : "OGG",
      "es" : "OGG",
      "en" : "OGG",
      "zh-hans" : "OGG",
      "ja" : "OGG"
    }
  },
  "Type" : "Music",
  "CustomProfile" : 0,
  "ID" : 1000011
}