{
  "Extension" : "ogv",
  "Quality" : 3,
  "ToDevice" : [

  ],
  "Video" : {
    "TrackNumLimit" : 1,
    "DefaultCodec" : "theora",
    "Codecs" : [
      {
        "Aspect" : {
          "Presets" : [
            "keep original",
            "16:10",
            "16:9",
            "4:3",
            "3:2",
            "5:4",
            "5:3",
            "1:1",
            "2.21:1",
            "2.35:1",
            "2.39:1",
            "10:16",
            "9:16",
            "3:4",
            "2:3",
            "4:5",
            "3:5",
            "1:2.21",
            "1:2.35",
            "1:2.39"
          ],
          "Value" : "keep original",
          "Editable" : false
        },
        "Resolution" : {
          "Presets" : [
            "keep original",
            "480x320",
            "640x480",
            "720x480",
            "960x640",
            "1280x720",
            "1920x1080",
            "1080x1920",
            "720x1280",
            "640x960",
            "480x720",
            "480x640",
            "320x480"
          ],
          "Modified" : false,
          "Value" : "1920x1080",
          "Editable" : true
        },
        "Bitrate" : {
          "Presets" : [
            "Auto Calculate",
            "Manual"
          ],
          "2PassEncode" : false,
          "Value" : "Auto Calculate",
          "Editable" : false,
          "Mode" : "CBR"
        },
        "BFrames" : {
          "Presets" : [
            "0",
            "1",
            "2",
            "3",
            "4",
            "5",
            "6",
            "7",
            "8",
            "9",
            "10",
            "11",
            "12",
            "13",
            "14",
            "15",
            "16"
          ],
          "Value" : "0",
          "Editable" : false
        },
        "GOP" : 250,
        "FrameRate" : {
          "Presets" : [
            "keep original",
            "15",
            "23.976",
            "24",
            "25",
            "29.97",
            "30",
            "50",
            "59.94",
            "60"
          ],
          "Value" : "30",
          "Editable" : false
        },
        "Codec" : "theora",
        "ProfileLevel" : {
          "Presets" : [
            "baseline",
            "main",
            "high"
          ],
          "Value" : "main",
          "Editable" : false,
          "Level" : "4.1"
        },
        "Limit" : {
          "MaxWidth" : -1,
          "MaxFrameRate" : -1,
          "MaxHeight" : -1,
          "MaxBitRate" : -1,
          "AllowBFrames" : -1,
          "AllowPassthrough" : 1
        }
      }
    ]
  },
  "ID" : 1000141,
  "Target" : "",
  "Comment" : "",
  "Summary" : {
    "Titles" : {
      "fr" : "OGV",
      "zh-hant" : "OGV",
      "de" : "OGV",
      "zh-hans" : "OGV",
      "es" : "OGV",
      "en" : "OGV",
      "ja" : "OGV"
    },
    "ShortTitles" : {
      "fr" : "OGV",
      "zh-hant" : "OGV",
      "de" : "OGV",
      "zh-hans" : "OGV",
      "es" : "OGV",
      "en" : "OGV",
      "ja" : "OGV"
    },
    "AudioCodec" : "OGG",
    "Descriptions" : {
      "fr" : "Format de compression vidéo avec une perte",
      "zh-hant" : "無損影片壓縮格式",
      "de" : "Kostenloses verlustbehaftetes Videokompressionsformat",
      "zh-hans" : "无损视频压缩格式",
      "es" : "Formato gratuito que comprime vídeo con pérdida",
      "en" : "Free lossy video compression format.",
      "ja" : "無損失のビデオ圧縮形式"
    },
    "Recommend" : false,
    "KeyWords" : "",
    "VideoCodec" : "OGV",
    "Resolution" : ""
  },
  "Audio" : {
    "TrackNumLimit" : 1,
    "DefaultCodec" : "ogg",
    "CodecsPassthru" : [
      "ogg"
    ],
    "Codecs" : [
      {
        "Bitrate" : {
          "Presets" : [
            "160",
            "128",
            "112",
            "96",
            "80",
            "64",
            "56",
            "48"
          ],
          "Value" : "128",
          "Editable" : false
        },
        "SampleRate" : {
          "Presets" : [
            "48000",
            "44100",
            "32000",
            "22050",
            "16000"
          ],
          "Value" : "44100",
          "Editable" : false
        },
        "Channel" : {
          "Presets" : [
            "2"
          ],
          "Value" : "2",
          "Editable" : false
        },
        "Codec" : "ogg"
      }
    ]
  },
  "Type" : "GenericVideo",
  "PadForce" : false,
  "PadValue" : false,
  "CustomProfile" : 0,
  "Subtitle" : {
    "TrackNumLimit" : 0,
    "AllowImageSubTrack" : false,
    "BurnedInDefault" : true
  }
}