{
  "Version" : "1014",
  "MainCategories" : [
    "Frequently",
    "Video",
    "Mobile",
    "Backup",
    "Music"
  ],
  "SubCategories" : {
    "Frequently" : {
      "Titles" : {
        "en" : "Popular",
        "zh-hans": "流行",
        "zh-hant" : "熱門",
        "de":"Beliebt",
        "es":"Popular",
        "fr":"Populaire",
        "ja":"よく使われる"
      },
      "Profiles" : [
        "mp4.json",
        "to_General_iOS_h264_Profile.json",
        "to_General_Android_H264_Profile.json",
        "mp4_hevc.json",
        "maintitle.json"
      ]
    },
    "Mobile" : {
      "Titles" : {
        "en": "Device",
        "zh-hans": "设备",
        "zh-hant" : "裝置",
        "de":"Gerät",
        "es":"Dispositivos",
        "fr":"Mobile",
        "ja":"デバイス"
      },
      "Profiles" : [
        "to_iPhone8x_h264_Profile.json",
        "to_General_Android_H264_Profile.json",
        "to_iPadPro_h264_Profile.json",
        "to_Huawei_Mobile_Profile.json",
        "to_Samsung_General_Mobile_Profile.json",
        "to_Sony_H264_PS4_Profile.json",
        "to_Microsoft_MP4_Xbox_Profile.json",
        "to_MiPhone_H264_Profile.json",
        "to_OPPOPhone_H264_Profile.json",
        "to_VivoPhone_H264_Profile.json"
      ]
    },
    "Music" : {
      "Titles" : {
        "en" : "Music",
        "zh-hans": "音乐",
        "zh-hant" : "音樂",
        "de":"Musik",
        "es":"Música",
        "fr":"Musique",
        "ja":"音楽"
      },
      "Profiles" : [
        "mp3.json",
        "m4a.json",
        "wav.json",
        "m4r.json",
        "aiff.json",
        "flac.json",
        "ac3.json",
        "aac.json",
        "ogg.json",
        "caf.json"
      ]
    },
    "Backup" : {
      "Titles" : {
        "fr" : "Sauvegarde",
        "de" : "Backup",
        "es" : "Copia",
        "en" : "Backup",
        "zh-hans" : "备份",
        "zh-hant" : "備份",
        "ja" : "バックアップ"
      },
      "Profiles" : [
        "maintitle.json",
        "fulltitle.json",
        "isobakcup.json",
        "videots.json",
        "mkv_copy.json",
        "mkv_h264.json"
      ]
    },
    "Video" : {
      "Titles" : {
        "en" : "Video",
        "zh-hans": "视频",
        "zh-hant" : "影片",
        "de":"Video",
        "es" : "Video",
        "fr" : "Vidéo",
        "ja":"ビデオ"
      },
      "Profiles" : [
        "mp4.json",
        "mkv.json",
        "mp4_4k.json",
        "mp4_hevc.json",
        "avi.json",
        "webm.json",
        "wmv.json",
        "mov.json",
        "m4v.json",
        "mpeg4.json",
        "mpeg-2.json",
        "divx.json",
        "3gp.json"
      ]
    }
  }
}
