{
    "Version" : "1002",
    "MainCategories" : [
                        "Frequently_Profile_Class",
                        "Device_Profile_Class",
                        "WebVideo_Profile_Class",
                        "General_Profile_Class"
                        ],
    "SubCategories" : {
        "DVDProfile" : {
            "Titles" : {
                "fr" : "Vidéo DVD",
                "zh-hant" : "DVD檔案預設",
                "de" : "DVD Video",
                "es" : "Video de DVD",
                "en" : "DVD Profile",
                "zh-hans" : "DVD输出配置",
                "ja" : "DVD動画"
            },
            "Profiles" : [
                          "to_DVD_VOB_Video_NTSC_Profile.json",
                          "to_DVD_VOB_Video_PAL_Profile.json"
                          ],
            "Icon" : "dvd_backup_nor"
        },
        "toSamsungMobileVideo" : {
            "Titles" : {
                "fr" : "Vidéo Portable Sumsung",
                "zh-hant" : "Samsung手機",
                "de" : "Samsung Mobile Video",
                "es" : "Video de Samsung móvil",
                "en" : "to Samsung Mobile Video",
                "zh-hans" : "Samsung手机",
                "ja" : "Samsung モバイル動画"
            },
            "Profiles" : [
                          "to_Samsung_General_Mobile_Profile.json",
                          "to_Samsung_Galaxy_S9_Profile.json",
                          "to_Samsung_Galaxy_S8_Profile.json",
                          "to_Samsung_Galaxy_Note8_H264_Profile.json",
                          "to_Samsung_Galaxy_Note5edge_H264_Profile.json",
                          "to_Samsung_Galaxy_A8_Profile.json",
                          "to_Samsung_Galaxy_A57_Profile.json",
                          "to_Samsung_Galaxy_J57_Profile.json"
                          ],
            "Icon" : "to_samsung_mobile_video_nor"
        },
        "toLenovoPadVideo" : {
            "Titles" : {
                "fr" : "Vidéo Tablette Lenovo",
                "zh-hant" : "Lenovo平板影片",
                "de" : "Lenovo Pad Video",
                "es" : "Video de Lenovo Pad",
                "en" : "to Lenovo Pad Video",
                "zh-hans" : "Lenovo平板视频",
                "ja" : "Lenovo Pad動画"
            },
            "Profiles" : [
                          "to_Pad_Lenovo_General_Pad_Profile.json",
                          "to_Pad_Lenovo_Tab_H264_Profile.json",
                          "to_Pad_Lenovo_Tab3_H264_Profile.json",
                          "to_Pad_Lenovo_Tab4_H264_Profile.json",
                          "to_Pad_Lenovo_Thinkpad_H264_Profile.json",
                          "to_Pad_Lenovo_Yoga_H264_Profile.json",
                          "to_Pad_Lenovo_Flex_H264_Profile.json",
                          "to_Pad_Lenovo_Miix_H264_Profile.json"
                          ],
            "Icon" : "to_lenovo_pad_video_nor"
        },
        "toSamsungPadVideo" : {
            "Titles" : {
                "fr" : "Vidéo Tablette Sumsung",
                "zh-hant" : "Samsung平板",
                "de" : "Samsung Pad Video",
                "es" : "Video de Samsung Pad",
                "en" : "to Samsung Pad Video",
                "zh-hans" : "Samsung平板",
                "ja" : "Samsung Pad動画"
            },
            "Profiles" : [
                          "to_Pad_Samsung_General_Profile.json",
                          "to_Pad_Samsung_Galaxy_TabS_H264_Profile.json",
                          "to_Pad_Samsung_Galaxy_TabA_H264_Profile.json",
                          "to_Pad_Samsung_Galaxy_TabE_H264_Profile.json",
                          "to_Pad_Samsung_Galaxy_BOOK_H264_Profile.json"
                          ],
            "Icon" : "to_samsung_pad_video_nor"
        },
        "HuaweiDevice" : {
            "Titles" : {
                "fr" : "Périphérique Huawei",
                "zh-hant" : "Huawei",
                "de" : "Huawei Mobile",
                "es" : "Dispositivo de Huawei",
                "en" : "Huawei Device",
                "zh-hans" : "Huawei设备",
                "ja" : "Huawei デバイス"
            },
            "Profiles" : [
                          "toHuaweiMobileVideo",
                          "toHuaweiPadVideo"
                          ],
            "Icon" : "huawei"
        },
        "toLGMobileVideo" : {
            "Titles" : {
                "fr" : "Vidéo Portable LG",
                "zh-hant" : "LG手機影片",
                "de" : "LG Mobile Video",
                "es" : "Video de LG móvil",
                "en" : "to LG Mobile Video",
                "zh-hans" : "LG手机视频",
                "ja" : "LGモバイル動画"
            },
            "Profiles" : [
                          "to_LG_General_Mobile_Profile.json",
                          "to_LG_V30_Profile.json",
                          "to_LG_G6_Profile.json",
                          "to_LG_Nexus_5X_Profile.json",
                          "to_LG_Stylus_2_Profile.json",
                          "to_LG_K10_Profile.json",
                          "to_LG_X_Profile.json"
                          ],
            "Icon" : "lg"
        },
        "toHuaweiPadVideo" : {
            "Titles" : {
                "fr" : "Vidéo Tablette Huawei",
                "zh-hant" : "Huawei平板",
                "de" : "Huawei Pad Video",
                "es" : "Video de Huawei Pad",
                "en" : "to Huawei Pad Video",
                "zh-hans" : "Huawei平板",
                "ja" : "HuaweiPad動画"
            },
            "Profiles" : [
                          "to_Huawei_Pad_Profile.json",
                          "to_Pad_Huawei_MediaPad_M35_h264_Profile.json",
                          "to_Pad_Huawei_MediaPad_T23_h264_Profile.json",
                          "to_Pad_Huawei_MediaPad10_H264_Profile.json"
                          ],
            "Icon" : "to_huawei_pad_nor"
        },
        "toXperiaVideo" : {
            "Titles" : {
                "fr" : "Vidéo Xperia",
                "zh-hant" : "Xperia影片",
                "de" : "Xperia Video",
                "es" : "Video de Xperia",
                "en" : "Xperia Video",
                "zh-hans" : "Xperia视频",
                "ja" : "Xperia 動画"
            },
            "Profiles" : [
                          "to_Sony_Xperia_10_10P_H264_Profile.json",
                          "to_Sony_XperiaXZ_H264_Profile.json",
                          "to_Sony_XperiaXA_H264_Profile.json",
                          "to_Sony_Xperia_Z_H264_Profile.json",
                          "to_Sony_Xperia_X_H264_Profile.json",
                          "to_Pad_Sony_Xperia_Tablet_H264_Profile.json"
                          ],
            "Icon" : "xperia_s_nor"
        },
        "General_Profile_Class" : {
            "Titles" : {
                "fr" : "Profil Vidéo Général",
                "zh-hant" : "常見的影片預設",
                "zh-hans" : "常见的视频配置",
                "de" : "Gängige Videoprofile",
                "en" : "Common Video Profile",
                "es" : "Configuración de vídeo Común",
                "ja" : "通常ビデオプロファイル"
            },
            "Profiles" : [
                          "GeneralVideo",
                          "DVDProfile",
                          "HDVideo",
                          "TVVideo",
                          "toMusic"
                          ],
            "Icon" : ""
        },
        "toAcerMobileVideo" : {
            "Titles" : {
                "fr" : "Vidéo Portable Acer",
                "zh-hant" : "Acer手機影片",
                "de" : "Acer Mobile Video",
                "es" : "Video de Acer móvil",
                "en" : "to Acer Mobile Video",
                "zh-hans" : "Acer手机视频",
                "ja" : "Acerモバイル動画"
            },
            "Profiles" : [
                          "to_Acer_General_Mobile_Profile.json",
                          "to_Acer_LiquidZ_H264_Profile.json",
                          "to_Acer_IconiaTalkS_H264_Profile.json"
                          ],
            "Icon" : "to_acer_mobile_video_nor"
        },
        "toHTCPadVideo" : {
            "Titles" : {
                "fr" : "Vidéo Tablette HTC",
                "zh-hant" : "HTC平板電腦影片",
                "de" : "HTC Pad Video",
                "es" : "Video de HTC Pad",
                "en" : "to HTC Pad Video",
                "zh-hans" : "HTC平板视频",
                "ja" : "HTC Pad動画"
            },
            "Profiles" : [
                          "to_Pad_HTC_General_Pad_Profile.json",
                          "to_Pad_HTC_Jetstream_H264_Profile.json",
                          "to_Pad_HTC_Flyer_H264_Profile.json",
                          "to_Pad_HTC_EVO_View4G_H264_Profile.json"
                          ],
            "Icon" : "to_htc_pad_video_nor"
        },
        "toFinalCutProVideo" : {
            "Titles" : {
                "fr" : "Vidéo Final Cut Pro",
                "zh-hant" : "Final Cut Pro影片",
                "de" : "Final Cut Pro Video",
                "es" : "Video de Final Cut Pro",
                "en" : "to Final Cut Pro Video",
                "zh-hans" : "Final Cut Pro视频",
                "ja" : "Final Cut Pro 動画"
            },
            "Profiles" : [
                          "to_Apple_FinalCutPro_h264_Profile.json",
                          "to_Apple_FinalCutPro_mpeg4_Profile.json"
                          ],
            "Icon" : "to_final_cut_pro_video_nor"
        },
        "toiTunesVideo" : {
            "Titles" : {
                "fr" : "Vidéo iTunes",
                "zh-hant" : "iTunes影片",
                "de" : "iTunes Video",
                "es" : "Vídeo de iTunes",
                "en" : "to iTunes Video",
                "zh-hans" : "iTunes视频",
                "ja" : "iTunes動画"
            },
            "Profiles" : [
                          "to_Apple_iTunes_h264_Profile.json",
                          "to_Apple_iTunes_mpeg4_Profile.json"
                          ],
            "Icon" : "to_itunes_video_nor"
        },
        "AndroidPad" : {
            "Titles" : {
                "fr" : "Tablette Android",
                "zh-hant" : "Android平板",
                "de" : "Android Pad",
                "es" : "Android Pad",
                "en" : "Android Pad",
                "zh-hans" : "Android平板",
                "ja" : "AndroidPad"
            },
            "Profiles" : [
                          "toGeneralPadVideo",
                          "toHTCPadVideo",
                          "toAmazonVideo",
                          "toGooglePadVideo",
                          "toLenovoPadVideo",
                          "toAcerPadVideo",
                          "toAsusPadVideo"
                          ],
            "Icon" : "android_pad"
        },
        "FacebookVideo" : {
            "Titles" : {
                "fr" : "Vidéo Facebook",
                "zh-hant" : "Facebook",
                "de" : "Facebook Video",
                "es" : "Video de Facebook",
                "en" : "Facebook Video",
                "zh-hans" : "Facebook",
                "ja" : "Facebook動画"
            },
            "Profiles" : [
                          "to_Facebook_MP4_MPEG4_Profile.json",
                          "to_Facebook_MOV_MPEG4_Profile.json",
                          "to_Facebook_AVI_DivX_Profile.json",
                          "to_Facebook_flv_Profile.json"
                          ],
            "Icon" : "facebook_video_nor"
        },
        "SonyDevice" : {
            "Titles" : {
                "fr" : "Périphérique Sony",
                "zh-hant" : "Sony",
                "de" : "Sony Mobile",
                "es" : "Dispositivo de Sony",
                "en" : "Sony Device",
                "zh-hans" : "Sony设备",
                "ja" : "Sonyデバイス"
            },
            "Profiles" : [
                          "toPS4Video",
                          "toPS3Video",
                          "toPSVitaVideo",
                          "toPSPVideo",
                          "toXperiaVideo"
                          ],
            "Icon" : "sony_device"
        },
        "toHuaweiMobileVideo" : {
            "Titles" : {
                "fr" : "Vidéo Portable Huawei",
                "zh-hant" : "Huawei手機",
                "de" : "Huawei Mobile Video",
                "es" : "Video de Huawei móvil",
                "en" : "to Huawei Mobile Video",
                "zh-hans" : "Huawei手机",
                "ja" : "Huaweiモバイル動画"
            },
            "Profiles" : [
                          "to_Huawei_Mobile_Profile.json",
                          "to_Huawei_Mate_Profile.json",
                          "to_Huawei_P_Profile.json",
                          "to_Huawei_Nova_Profile.json",
                          "to_Huawei_Honor_Profile.json",
                          "to_Huawei_Ascend_Profile.json",
                          "to_Huawei_G_Profile.json",
                          "to_Huawei_Y_Profile.json"
                          ],
            "Icon" : "to_huawei_mobile_nor"
        },
        "Device_Profile_Class" : {
            "Titles" : {
                "fr" : "Profil Portable",
                "zh-hant" : "行動裝置預設",
                "zh-hans" : "智能设备配置",
                "de" : "Videoprofile für mobile Geräte",
                "en" : "Mobile Video Profile",
                "es" : "Configuración de dispositivos de mano",
                "ja" : "デバイスプロファイル"
            },
            "Profiles" : [
                          "AppleDevice",
                          "HuaweiDevice",
                          "SamsungDevice",
                          "AndroidPad",
                          "AndroidMobile",
                          "MicrosoftDevice",
                          "SonyDevice"
                          ],
            "Icon" : ""
        },
        "toiPadVideo" : {
            "Titles" : {
                "fr" : "Vidéo iPad",
                "zh-hant" : "iPad影片",
                "de" : "iPad Video",
                "es" : "Video de iPad",
                "en" : "to iPad Video",
                "zh-hans" : "iPad视频",
                "ja" : "iPad動画"
            },
            "Profiles" : [
                          "to_iPadPro_h264_Profile.json",
                          "to_iPadAir3_h264_Profile.json",
                          "to_iPadAir2_h264_Profile.json",
                          "to_iPadAir_h264_Profile.json",
                          "to_iPadmini3_h264_Profile.json",
                          "to_iPadmini2_h264_Profile.json",
                          "to_iPadmini_h264_Profile.json",
                          "to_iPad3_h264_Profile.json"
                          ],
            "Icon" : "to_ipad_video_nor"
        },
        "toAmazonVideo" : {
            "Titles" : {
                "fr" : "Vidéo Amazon",
                "zh-hant" : "Amazon平板影片",
                "de" : "Amazon Video",
                "es" : "Video de Amazon",
                "en" : "to Amazon Video",
                "zh-hans" : "Amazon平板视频",
                "ja" : "アマゾン動画"
            },
            "Profiles" : [
                          "to_Amazon_General_Pad_Profile.json",
                          "to_Amazon_Fire7_H264_Profile.json",
                          "to_Amazon_FireHD8_H264_Profile.json",
                          "to_Amazon_FireHD10_H264_Profile.json"
                          ],
            "Icon" : "to_amazon_video_nor"
        },
        "toXboxVideo" : {
            "Titles" : {
                "fr" : "Vidéo Xbox",
                "zh-hant" : "Xbox影片",
                "de" : "Xbox Video",
                "es" : "Video de Xbox",
                "en" : "to Xbox Video",
                "zh-hans" : "Xbox视频",
                "ja" : "Xbox動画"
            },
            "Profiles" : [
                          "to_Microsoft_MP4_Xbox_Profile.json",
                          "to_Microsoft_H264_Xbox_OneS.json",
                          "to_Microsoft_H264_Xbox_OneX.json",
                          "to_Microsoft_H264_Xbox_One_Profile.json",
                          "to_Microsoft_H264_Xbox_360_Profile.json"
                          ],
            "Icon" : "to_xbox_video_nor"
        },
        "toPSVitaVideo" : {
            "Titles" : {
                "fr" : "Vidéo PlayStation Vita",
                "zh-hant" : "PlayStation Vita影片",
                "de" : "PlayStation Vita Video",
                "es" : "Video de PlayStation Vita",
                "en" : "PlayStation Vita Video",
                "zh-hans" : "PlayStation Vita视频",
                "ja" : "PlayStation Vita 動画"
            },
            "Profiles" : [
                          "to_Sony_PSVita_H264_Profile.json"
                          ],
            "Icon" : "to_psp_video_nor"
        },
        "HDVideo" : {
            "Titles" : {
                "fr" : "Vidéo HD",
                "zh-hant" : "HD影片",
                "de" : "Hi-Fi Video",
                "es" : "Vídeo de alta definición",
                "en" : "HD Video",
                "zh-hans" : "高清视频",
                "ja" : "HD動画"
            },
            "Profiles" : [
                          "to_TSHD_Video_MPEG2_Profile.json",
                          "to_MP4HD_Video_H264_Profile.json",
                          "to_MKVHD_Video_H264_Profile.json",
                          "to_MPEGHD_Video_MPEG2_Profile.json"
                          ],
            "Icon" : "to_hdmovies_nor"
        },
        "VimeoVideo" : {
            "Titles" : {
                "fr" : "Vidéo Vimeo",
                "zh-hant" : "Vimeo",
                "de" : "Vimeo Video",
                "es" : "Video de Vimeo",
                "en" : "Vimeo Video",
                "zh-hans" : "Vimeo",
                "ja" : "Vimeo動画"
            },
            "Profiles" : [
                          "to_Vimeo_MP4_h264_Profile.json"
                          ],
            "Icon" : "vimeo_video_nor"
        },
        "toiPodVideo" : {
            "Titles" : {
                "fr" : "Vidéo iPod",
                "zh-hant" : "iPod影片",
                "de" : "iPod Video",
                "es" : "Video de iPod",
                "en" : "to iPod Video",
                "zh-hans" : "iPod视频",
                "ja" : "iPod動画"
            },
            "Profiles" : [
                          "to_iPod5_h264_Profile.json",
                          "to_iPod4_h264_Profile.json",
                          "to_iPod_h264_Profile.json",
                          "to_iPod_Nano_h264_Profile.json",
                          "to_iPod_Classic_h264_Profile.json"
                          ],
            "Icon" : "to_ipod_video_nor"
        },
        "AndroidMobile" : {
            "Titles" : {
                "fr" : "Périphérique Mobil Android",
                "zh-hant" : "Android手機",
                "de" : "Android Mobile",
                "es" : "Android Mobile",
                "en" : "Android Mobile",
                "zh-hans" : "Android手机",
                "ja" : "Androidモバイル"
            },
            "Profiles" : [
                          "toGeneralMobileVideo",
                          "toHTCMobileVideo",
                          "toGoogleMobileVideo",
                          "toAcerMobileVideo",
                          "toAmazonMobileVideo",
                          "toLenovoMobileVideo",
                          "toLGMobileVideo"
                          ],
            "Icon" : "android_mobile"
        },
        "toiMovieVideo" : {
            "Titles" : {
                "fr" : "Vidéo iMovie",
                "zh-hant" : "iMovie影片",
                "de" : "iMovie Video",
                "es" : "Video de iMovie",
                "en" : "to iMovie Video",
                "zh-hans" : "iMovie视频",
                "ja" : "iMovie動画"
            },
            "Profiles" : [
                          "to_Apple_iMovie_h264_Profile.json",
                          "to_Apple_iMovie_mpeg4_Profile.json"
                          ],
            "Icon" : "to_imovie_video_nor"
        },
        "toAppleTVVideo" : {
            "Titles" : {
                "fr" : "Vidéo TV Apple",
                "zh-hant" : "Apple TV影片",
                "de" : "Apple TV Video",
                "es" : "Video de Apple TV",
                "en" : "to Apple TV Video",
                "zh-hans" : "Apple TV视频",
                "ja" : "Apple TV動画"
            },
            "Profiles" : [
                          "to_AppleTV4k_h264.json",
                          "to_AppleTV_New_h264_Profile.json",
                          "to_AppleTV3_h264_Profile.json",
                          "to_AppleTV2_h264_Profile.json",
                          "to_AppleTV_h264_Profile.json"
                          ],
            "Icon" : "to_apple_tv_video_nor"
        },
        "toSurfaceVideo" : {
            "Titles" : {
                "fr" : "Vidéo Surface",
                "zh-hant" : "Surface影片",
                "de" : "Surface Video",
                "es" : "Video de Surface",
                "en" : "to Surface Video",
                "zh-hans" : "Surface视频",
                "ja" : "Surface動画"
            },
            "Profiles" : [
                          "to_Pad_Microsoft_Surface_WMV_Profile.json",
                          "to_Pad_Microsoft_SurfacePro_Profile.json",
                          "to_Pad_Microsoft_SurfaceLaptop_Profile.json",
                          "to_Pad_Microsoft_SurfaceBook_Profile.json",
                          "to_Pad_Microsoft_SurfaceStudio_Profile.json"
                          ],
            "Icon" : "to_surface_video_nor"
        },
        "MicrosoftDevice" : {
            "Titles" : {
                "fr" : "Périphérique Microsoft",
                "zh-hant" : "Microsoft",
                "de" : "Microsoft Mobile",
                "es" : "Dispositivo de Microsoft",
                "en" : "Microsoft Device",
                "zh-hans" : "Microsoft设备",
                "ja" : "Microsoftデバイス"
            },
            "Profiles" : [
                          "toXboxVideo",
                          "toSurfaceVideo"
                          ],
            "Icon" : "microsoft_device"
        },
        "toPS3Video" : {
            "Titles" : {
                "fr" : "Vidéo PlayStation 3",
                "zh-hant" : "PlayStation 3影片",
                "de" : "PlayStation 3 Video",
                "es" : "Video de PlayStation 3 ",
                "en" : "PlayStation 3 Video",
                "zh-hans" : "PlayStation 3视频",
                "ja" : "PlayStation 3動画"
            },
            "Profiles" : [
                          "to_Sony_AVI_PS3_Profile.json",
                          "to_Sony_H264_PS3_Profile.json",
                          "to_Sony_MPEG_PS3_Profile.json",
                          "to_Sony_MPEG2_PS3_Profile.json",
                          "to_Sony_WMV2_PS3_Profile.json"
                          ],
            "Icon" : "to_ps3_video_nor"
        },
        "WebVideo_Profile_Class" : {
            "Titles" : {
                "fr" : "Profil Portable",
                "zh-hant" : "網路影片預設",
                "zh-hans" : "网络视频配置",
                "de" : "Videoprofile für Web",
                "en" : "Web Video Profile",
                "es" : "Configuración de vídeo en red",
                "ja" : "ウェブ動画プロファイル"
            },
            "Profiles" : [
                          "YouTubeVideo",
                          "FacebookVideo",
                          "VimeoVideo",
                          "GeneralWebVideo"
                          ],
            "Icon" : ""
        },
        "toiPhoneVideo" : {
            "Titles" : {
                "fr" : "Vidéo iPhone",
                "zh-hant" : "iPhone影片",
                "de" : "iPhone Video",
                "es" : "Video de iPhone",
                "en" : "to iPhone Video",
                "zh-hans" : "iPhone视频",
                "ja" : "iPhone動画"
            },
            "Profiles" : [
                          "to_iPhone11_h264_Profile.json",
                          "to_iPhone8xs_h264_Profile.json",
                          "to_iPhone8x_h264_Profile.json",
                          "to_iPhone7_h264_Profile.json",
                          "to_iPhone6_h264_Profile.json",
                          "to_iPhone5sc_h264_Profile.json",
                          "to_iPhone5_h264_Profile.json",
                          "to_iPhone4S_h264_Profile.json"
                          ],
            "Icon" : "to_iphone_video_nor"
        },
        "AppleDevice" : {
            "Titles" : {
                "fr" : "Périphérique Apple",
                "zh-hant" : "Apple",
                "de" : "Apple Mobile",
                "es" : "Dispositivo de Apple",
                "en" : "Apple Device",
                "zh-hans" : "Apple设备",
                "ja" : "Appleデバイス"
            },
            "Profiles" : [
                          "toiPhoneVideo",
                          "toiPadVideo",
                          "toiPodVideo",
                          "toAppleTVVideo",
                          "toiTunesVideo",
                          "toiDVDVideo",
                          "toiMovieVideo",
                          "toFinalCutProVideo",
                          "toProResVideo"
                          ],
            "Icon" : "apple_device"
        },
        "toProResVideo" : {
            "Titles" : {
                "fr" : "Vidéo ProRes",
                "zh-hant" : "ProRes影片",
                "de" : "ProRes Video",
                "es" : "Video ProRes",
                "en" : "to ProRes Video",
                "zh-hans" : "ProRes视频",
                "ja" : "ProRes動画"
            },
            "Profiles" : [
                          "to_Apple_ProRes422HQ_Profile.json",
                          "to_Apple_ProRes422_Profile.json",
                          "to_Apple_ProRes422LT_Profile.json",
                          "to_Apple_ProRes422Poxy_Profile.json",
                          "to_Apple_ProRes4444_Profile.json"
                          ],
            "Icon" : "to_ProRes_nor"
        },
        "DVDBackup" : {
            "Titles" : {
                "fr" : "DVD Sauvegarde",
                "zh-hant" : "DVD備份",
                "de" : "DVD Backup",
                "es" : "DVD Copia",
                "en" : "DVD Backup",
                "zh-hans" : "DVD备份",
                "ja" : "バックアップ"
            },
            "Profiles" : [
                          "maintitle.json",
                          "fulltitle.json",
                          "isobakcup.json",
                          "videots.json",
                          "mkv_copy.json",
                          "mkv_h264.json"
                          ],
            "Icon" : "dvd_backup_nor"
        },
        "GeneralProfiles" : {
            "Titles" : {
                "fr" : "Profils Généraux",
                "zh-hant" : "常用格式",
                "de" : "Allgemeine Profile",
                "es" : "General Profiles",
                "en" : "General Profiles",
                "zh-hans" : "常用格式",
                "ja" : "通常の動画ファイル"
            },
            "Profiles" : [
                          "mp4.json",
                          "mov.json",
                          "to_General_iOS_h264_Profile.json",
                          "to_General_Android_H264_Profile.json",
                          "mp4_hevc.json",
                          "mpeg4.json",
                          "webm.json"
                          ],
            "Icon" : "mac_general_video_nor"
        },
        "toAcerPadVideo" : {
            "Titles" : {
                "fr" : "Vidéo Tablette Acer",
                "zh-hant" : "Acer平板影片",
                "de" : "Acer Pad Video",
                "es" : "Video de Acer Pad",
                "en" : "to Acer Pad Video",
                "zh-hans" : "Acer平板视频",
                "ja" : "AcerPad動画"
            },
            "Profiles" : [
                          "to_Pad_Acer_General_Pad_Profile.json",
                          "to_Pad_Acer_IconiaTab_H264_Profile.json",
                          "to_Pad_Acer_IconiaOne_H264_Profile.json"
                          ],
            "Icon" : "to_acer_pad_video_nor"
        },
        "GeneralVideo" : {
            "Titles" : {
                "fr" : "Vidéo Général",
                "zh-hant" : "常用影片預設",
                "zh-hans" : "常用视频格式",
                "de" : "Allgemeines Video",
                "en" : "General Video",
                "es" : "General Video",
                "ja" : "通常動画"
            },
            "Profiles" : [
                          "mp4.json",
                          "mpeg4.json",
                          "mp4_4k.json",
                          "mp4_hevc.json",
                          "avi.json",
                          "mpeg4_mp3.json",
                          "mkv.json",
                          "mov.json",
                          "divx.json",
                          "webm.json",
                          "wmv.json",
                          "m4v.json",
                          "dv.json",
                          "f4v.json",
                          "flv.json",
                          "3gp.json",
                          "3gp2.json",
                          "asf.json",
                          "mpeg-1.json",
                          "mpeg-2.json",
                          "ogv.json",
                          "swf.json"
                          ],
            "Icon" : "pc_general_video_nor"
        },
        "toMusic" : {
            "Titles" : {
                "fr" : "Musique",
                "zh-hant" : "音樂",
                "de" : "Musik",
                "es" : "Música",
                "en" : "Music",
                "zh-hans" : "音乐",
                "ja" : "音楽"
            },
            "Profiles" : [
                          "mp3.json",
                          "m4a.json",
                          "wav.json",
                          "flac.json",
                          "m4r.json",
                          "aac.json",
                          "ogg.json",
                          "ac3.json",
                          "aiff.json",
                          "caf.json"
                          ],
            "Icon" : "to_music_nor"
        },
        "toGeneralPadVideo" : {
            "Titles" : {
                "fr" : "Vidéo Tablette Générale",
                "zh-hant" : "通用平板影片",
                "de" : "Allgemeines Pad Video",
                "es" : "Video genérico de Pad",
                "en" : "to General Pad Video",
                "zh-hans" : "通用平板视频",
                "ja" : "通常Pad動画"
            },
            "Profiles" : [
                          "to_Pad_General_Android_Pad_H264_Profile.json"
                          ],
            "Icon" : "to_general_pad_video_nor"
        },
        "toPS4Video" : {
            "Titles" : {
                "fr" : "Vidéo PlayStation 4",
                "zh-hant" : "PlayStation 4影片",
                "de" : "PlayStation 4 Video",
                "es" : "Video de PlayStation 4",
                "en" : "PlayStation 4 Video",
                "zh-hans" : "PlayStation 4视频",
                "ja" : "PlayStation 4 動画"
            },
            "Profiles" : [
                          "to_Sony_AVI_PS4_Profile.json",
                          "to_Sony_H264_PS4_Profile.json",
                          "to_Sony_MPEG_PS4_Profile.json",
                          "to_Sony_MPEG2_PS4_Profile.json",
                          "to_Sony_WMV2_PS4_Profile.json"
                          ],
            "Icon" : "to_ps4_video_nor"
        },
        "toAsusPadVideo" : {
            "Titles" : {
                "fr" : "Vidéo Tablette Asus",
                "zh-hant" : "Asus平板",
                "de" : "Asus Pad Video",
                "es" : "Video de Asus Pad",
                "en" : "to Asus Pad Video",
                "zh-hans" : "Asus平板视频",
                "ja" : "Asus Pad動画"
            },
            "Profiles" : [
                          "to_Pad_Asus_General_Pad_Profile.json",
                          "to_Pad_Asus_MeMo_Pad_H264_Profile.json",
                          "to_Pad_Asus_TransformerPad_H264_Profile.json",
                          "to_Pad_Asus_VivoPad_H264_Profile.json",
                          "to_Pad_Asus_ZenPad_H264_Profile.json"
                          ],
            "Icon" : "to_asus_pad_video_nor"
        },
        "toAmazonMobileVideo" : {
            "Titles" : {
                "fr" : "Vidéo Portable Amazon",
                "zh-hant" : "Amazon手機影片",
                "de" : "Amazon Mobile Video",
                "es" : "Video de Amazon móvil",
                "en" : "to Amazon Mobile Video",
                "zh-hans" : "Amazon手机视频",
                "ja" : "アマゾン動画"
            },
            "Profiles" : [
                          "to_Amazon_FirePhone_H264_Profile.json"
                          ],
            "Icon" : "to_iphone_video_nor"
        },
        "Frequently_Profile_Class" : {
            "Titles" : {
                "fr" : "Profil Fréquemment Utilisé",
                "zh-hant" : "常用的檔案預設",
                "zh-hans" : "常用的输出配置",
                "de" : "Häufig verwendete Profile",
                "en" : "Frequently Used Profile",
                "es" : "Configuración común",
                "ja" : "よく使われるプロファイル"
            },
            "Profiles" : [
                          "GeneralProfiles",
                          "DVDBackup"
                          ],
            "Icon" : ""
        },
        "toGooglePadVideo" : {
            "Titles" : {
                "fr" : "Vidéo Tablette Google",
                "zh-hant" : "Google平板影片",
                "de" : "Google Pad Video",
                "es" : "Video de Google Pad",
                "en" : "to Google Pad Video",
                "zh-hans" : "Google平板视频",
                "ja" : "Google Pad動画"
            },
            "Profiles" : [
                          "to_Google_General_Pad_Profile.json",
                          "to_Pad_Google_pixel_C_H264_Profile.json",
                          "to_Pad_Google_New_Nexus7_H264_Profile.json",
                          "to_Pad_Google_Nexus7_H264_Profile.json"
                          ],
            "Icon" : "to_google_pad_video_nor"
        },
        "SamsungDevice" : {
            "Titles" : {
                "fr" : "Périphérique Samsung",
                "zh-hant" : "Samsung",
                "de" : "Samsung Mobile",
                "es" : "Dispositivo de Samsung",
                "en" : "Samsung Device",
                "zh-hans" : "Samsung设备",
                "ja" : "Samsung デバイス"
            },
            "Profiles" : [
                          "toSamsungMobileVideo",
                          "toSamsungPadVideo"
                          ],
            "Icon" : "to_samsung_mobile_video_nor"
        },
        "GeneralWebVideo" : {
            "Titles" : {
                "fr" : "Vidéo Web Général",
                "zh-hant" : "通用網路影片",
                "de" : "Allgemeines Internet Video",
                "es" : "Vídeo genérico en red",
                "en" : "General Web Video",
                "zh-hans" : "其他网络视频",
                "ja" : "通常ウェブ動画"
            },
            "Profiles" : [
                          "to_WebVideo_WMV_Video_WMV2_Profile.json",
                          "to_WebVideo_AVI_Video_Divx_Profile.json",
                          "to_WebVideo_MOV_Video_MPEG4_Profile.json",
                          "to_WebVideo_MP4_Video_MPEG4_Profile.json",
                          "to_WebVideo_flv_Profile.json"
                          ],
            "Icon" : "general_webview_nor"
        },
        "toGoogleMobileVideo" : {
            "Titles" : {
                "fr" : "Vidéo Portable Google",
                "zh-hant" : "Google手機影片",
                "de" : "Google Mobile Video",
                "es" : "Video de Google móvil",
                "en" : "to Google Mobile Video",
                "zh-hans" : "Google手机视频",
                "ja" : "Googleモバイル動画"
            },
            "Profiles" : [
                          "to_Google_General_Mobile_MPEG4_Profile.json",
                          "to_Google_Pixel_Profile.json",
                          "to_ Google_Project_Ara_Profile.json",
                          "to_Google_Galaxy_Nexus_H264_Profile.json",
                          "to_Google_Galaxy_NexusHD_H264_Profile.json"
                          ],
            "Icon" : "to_google_mobile_video_nor"
        },
        "YouTubeVideo" : {
            "Titles" : {
                "fr" : "Vidéo YouTube",
                "zh-hant" : "Youtube",
                "de" : "Youtube Video",
                "es" : "Video de Youtube",
                "en" : "YouTube Video",
                "zh-hans" : "Youtube",
                "ja" : "Youtube動画"
            },
            "Profiles" : [
                          "to_Youtube_MP4_h264_Profile.json",
                          "to_Youtube_flv_Profile.json"
                          ],
            "Icon" : "youtube_video_nor"
        },
        "toGeneralMobileVideo" : {
            "Titles" : {
                "fr" : "Vidéo Portable Général",
                "zh-hant" : "通用手機影片",
                "de" : "Allgemeines Mobile Video",
                "es" : "Video genérico de móvil",
                "en" : "to General Mobile Video",
                "zh-hans" : "通用手机视频",
                "ja" : "通常モバイル動画"
            },
            "Profiles" : [
                          "to_General_Android_H264_Profile.json",
                          "to_AquosPhone_H264_Profile.json",
                          "to_FujitsuPhone_H264_Profile.json",
                          "to_OPPOPhone_H264_Profile.json",
                          "to_VivoPhone_H264_Profile.json",
                          "to_MiPhone_H264_Profile.json"
                          ],
            "Icon" : "to_general_mobile_video_nor"
        },
        "toLenovoMobileVideo" : {
            "Titles" : {
                "fr" : "Vidéo Portable Lenovo",
                "zh-hant" : "联想手機影片",
                "de" : "Lenovo Mobile Video",
                "es" : "Video de Lenovo móvil",
                "en" : "to Lenovo Mobile Video",
                "zh-hans" : "Lenovo手机视频",
                "ja" : "Lenovoモバイル動画"
            },
            "Profiles" : [
                          "to_Pad_Lenovo_General_Pad_Profile.json",
                          "to_ Lenovo_S.json",
                          "to_ Lenovo_A7000_Profile.json",
                          "to_ Lenovo_K.json",
                          "to_ Lenovo_Vibe.json"
                          ],
            "Icon" : "to_lenovo_pad_video_nor"
        },
        "toPSPVideo" : {
            "Titles" : {
                "fr" : "Vidéo PSP",
                "zh-hant" : "PSP影片",
                "de" : "PSP Video",
                "es" : "Video de PSP",
                "en" : "PSP Video",
                "zh-hans" : "PSP视频",
                "ja" : "PSP 動画"
            },
            "Profiles" : [
                          "to_Sony_MPEG_PSP_Profile.json",
                          "to_Sony_AVC_PSP_Profile.json"
                          ],
            "Icon" : "to_psp_video_nor"
        },
        "toHTCMobileVideo" : {
            "Titles" : {
                "fr" : "Vidéo Portable HTC",
                "zh-hant" : "HTC手機影片",
                "de" : "HTC Mobile Video",
                "es" : "Video de HTC móvil",
                "en" : "to HTC Mobile Video",
                "zh-hans" : "HTC手机视频",
                "ja" : "HTCモバイル動画"
            },
            "Profiles" : [
                          "to_HTC_General_Mobile_Profile.json",
                          "to_HTC_U11_Profile.json",
                          "to_HTC_U11Life_Profile.json",
                          "to_HTC_UUltra_Profile.json",
                          "to_HTC_Bolt_Profile.json",
                          "to_HTC_One_Profile.json",
                          "to_HTC_Desire_Profile.json"
                          ],
            "Icon" : "to_htc_mobile_video_nor"
        },
        "toiDVDVideo" : {
            "Titles" : {
                "fr" : "Vidéo iDVD",
                "zh-hant" : "iDVD影片",
                "de" : "iDVD Video",
                "es" : "Video de iDVD",
                "en" : "to iDVD Video",
                "zh-hans" : "iDVD视频",
                "ja" : "iDVD動画"
            },
            "Profiles" : [
                          "to_Apple_iDVD_h264_Profile.json",
                          "to_Apple_iDVD_mpeg4_Profile.json"
                          ],
            "Icon" : "to_idvd_video_nor"
        },
        "TVVideo": {
            "Titles": {
                "fr": "Vidéo TV",
                "ko": "TV비디오",
                "zh-hant": "電視機",
                "de": "TV Video",
                "it": "TV video",
                "pt-pt": "TV de Vimeo",
                "es": "TV de Vimeo",
                "en": "TV Video",
                "zh-hans": "电视",
                "ja": "TV動画"
            },
            "Profiles": [
                "samsung_tv.json",
                "sony_tv.json",
                "panasonic _tv.json",
                "lg_tv.json"
            ],
            "Icon": "tv_video"
        }
    }
}
