{
  "Extension" : "mp4",
  "Quality" : 3,
  "ToDevice" : [
  ],
  "Video" : {
    "TrackNumLimit" : 1,
    "DefaultCodec" : "h.264",
    "Codecs" : [
      {
        "Aspect" : {
          "Presets" : [
            "keep original",
            "16:10",
            "16:9",
            "4:3",
            "3:2",
            "5:4",
            "5:3",
            "1:1",
            "2.21:1",
            "2.35:1",
            "2.39:1"
          ],
          "Value" : "keep original",
          "Editable" : false
        },
        "Resolution" : {
          "Presets" : [
            "keep original",
            "1280x720",
            "1920x1080",
            "2560x1080",
            "2560x1440 (2K)",
            "3840x2160 (4K)"
          ],
          "Modified" : false,
          "Value" : "1920x1080",
          "Editable" : true
        },
        "Bitrate" : {
          "Presets" : [
            "Auto Calculate",
            "Manual"
          ],
          "2PassEncode" : false,
          "Value" : "Auto Calculate",
          "Editable" : false,
          "Mode" : "CBR"
        },
        "BFrames" : {
          "Presets" : [
            "0",
            "1",
            "2",
            "3",
            "4",
            "5",
            "6",
            "7",
            "8",
            "9",
            "10",
            "11",
            "12",
            "13",
            "14",
            "15",
            "16"
          ],
          "Value" : "0",
          "Editable" : false
        },
        "GOP" : 250,
        "FrameRate" : {
          "Presets" : [
            "keep original",
            "15",
            "23.976",
            "24",
            "25",
            "29.97",
            "30",
            "50",
            "59.94",
            "60"
          ],
          "Value" : "keep original",
          "Editable" : false
        },
        "Codec" : "h.264",
        "ProfileLevel" : {
          "Presets" : [
            "baseline",
            "main",
            "high"
          ],
          "Value" : "main",
          "Editable" : false,
          "Level" : "4.1"
        },
        "Limit" : {
          "MaxWidth" : -1,
          "MaxFrameRate" : -1,
          "MaxHeight" : -1,
          "MaxBitRate" : -1,
          "AllowBFrames" : -1,
          "AllowPassthrough" : 1
        }
      }
    ]
  },
  "ID" : 1000181,
  "Target" : "MP4",
  "Comment" : "",
  "Summary" : {
    "Titles" : {
      "fr" : "Vidéo Samsung TV (H264)",
      "ko" : "Samsung TV 비디오 (H264)",
      "zh-hant" : "Samsung TV (H264)",
      "de" : "Samsung TV Video (H264)",
      "it" : "Samsung TV video (H264)",
      "pt-pt" : "Vídeo de Samsung TV (H264)",
      "es" : "Vídeo Samsung TV (H264)",
      "en" : "Samsung TV Video (H264)",
      "zh-hans" : "Samsung TV (H264)",
      "ja" : "MP4動画 (H264)"
    },
    "ShortTitles" : {
      "fr" : "TV",
      "ko" : "TV",
      "zh-hant" : "TV",
      "de" : "TV",
      "it" : "TV",
      "pt-pt" : "TV",
      "es" : "TV",
      "en" : "TV",
      "zh-hans" : "TV",
      "ja" : "TV"
    },
    "AudioCodec" : "AAC",
    "Descriptions" : {
      "fr" : "Standard MP4 file format",
      "ko" : "통용 MP4 비디오",
      "zh-hant" : "通用的MP4影片格式",
      "de" : "Standard-MP4-Dateiformat",
      "it" : "Standard MP4 file format",
      "pt-pt" : "Standard MP4 file format",
      "es" : "Formato estándar de vídeo MP4",
      "en" : "Standard MP4 file format",
      "zh-hans" : "通用MP4视频",
      "ja" : "通常動画用MP4形式"
    },
    "Recommend" : false,
    "KeyWords" : "",
    "VideoCodec" : "H264",
    "Resolution" : ""
  },
  "Audio" : {
    "TrackNumLimit" : 8,
    "DefaultCodec" : "aac",
    "CodecsPassthru" : [
      "aac",
      "mp3",
      "ac3",
      "dts",
      "dts-hd"
    ],
    "Codecs" : [
      {
        "Bitrate" : {
          "Presets" : [
            "160",
            "128",
            "112",
            "96",
            "80",
            "64",
            "56",
            "48"
          ],
          "Value" : "128",
          "Editable" : false
        },
        "SampleRate" : {
          "Presets" : [
            "48000",
            "44100",
            "32000",
            "22050",
            "16000"
          ],
          "Value" : "44100",
          "Editable" : false
        },
        "Channel" : {
          "Presets" : [
            "2",
            "5.1 Surround"
          ],
          "Value" : "2",
          "Editable" : false
        },
        "Codec" : "aac"
      }
    ]
  },
  "Type" : "GenericVideo",
  "PadForce" : false,
  "PadValue" : false,
  "CustomProfile" : 0,
  "Subtitle" : {
    "TrackNumLimit" : 1,
    "AllowImageSubTrack" : false,
    "BurnedInDefault" : true
  }
}
