{
  "Extension" : "",
  "Quality" : 3,
  "ToDevice" : [

  ],
  "Video" : {
    "TrackNumLimit" : 1,
    "DefaultCodec" : "png",
    "Codecs" : [
      {
        "Aspect" : {
          "Presets" : [
            "keep original",
            "16:10",
            "16:9",
            "4:3",
            "3:2",
            "5:4",
            "5:3",
            "1:1",
            "2.21:1",
            "2.35:1",
            "2.39:1"
          ],
          "Value" : "keep original",
          "Editable" : false
        },
        "Bitrate" : {
          "Presets" : [
            "Auto Calculate"
          ],
          "2PassEncode" : false,
          "Value" : "Auto Calculate",
          "Editable" : false,
          "Mode" : "CBR"
        },
        "BFrames" : {
          "Presets" : [
            "0",
            "1",
            "2",
            "3",
            "4",
            "5",
            "6",
            "7",
            "8",
            "9",
            "10",
            "11",
            "12",
            "13",
            "14",
            "15",
            "16"
          ],
          "Value" : "0",
          "Editable" : false
        },
        "GOP" : 250,
        "FrameRate" : {
          "Presets" : [
            "0.1",
            "1",
            "2",
            "5",
            "10"
          ],
          "Value" : "1",
          "Editable" : true
        },
        "Codec" : "png",
        "Resolution" : {
          "Presets" : [
            "keep original",
            "480x320",
            "640x480",
            "720x480",
            "960x640",
            "1280x720",
            "1920x1080"
          ],
          "Modified" : false,
          "Value" : "1920x1080",
          "Editable" : false
        },
        "Limit" : {
          "MaxWidth" : -1,
          "MaxFrameRate" : -1,
          "MaxHeight" : -1,
          "MaxBitRate" : -1,
          "AllowBFrames" : -1,
          "AllowPassthrough" : 1
        }
      }
    ]
  },
  "ID" : 1000153,
  "Target" : "tool_snapshot",
  "Comment" : "",
  "Summary" : {
    "Titles" : {
      "fr" : "Capture d'une vidéo",
      "zh-hant" : "快照",
      "de" : "Video-Schnappschuss",
      "zh-hans" : "截图",
      "es" : "Instantánea de vídeo",
      "en" : "Video Snapshot",
      "ja" : "スナップショット"
    },
    "ShortTitles" : {
      "fr" : "Capture d'écran",
      "zh-hant" : "Snapshot",
      "de" : "Snapshot",
      "zh-hans" : "Snapshot",
      "es" : "Instantánea",
      "en" : "Snapshot",
      "ja" : "スナップショット"
    },
    "AudioCodec" : "",
    "Descriptions" : {
      "fr" : "Capture (PNG) à partir d'une vidéo",
      "zh-hant" : "擷取影片畫面并儲存為圖片（PNG）",
      "de" : "Videoschnappschuss (PNG) machen",
      "zh-hans" : "截取视频画面并保存为图片（PNG）",
      "es" : "Captura instantáneas (PNG) de vídeo",
      "en" : "Capture video snapshots",
      "ja" : "ビデオからスナップショット（PNG）をキャプチャする"
    },
    "Recommend" : false,
    "KeyWords" : "",
    "VideoCodec" : "PNG",
    "Resolution" : ""
  },
  "Type" : "VideoTool",
  "PadValue" : false,
  "PadForce" : false,
  "CustomProfile" : 0,
  "Subtitle" : {
    "TrackNumLimit" : 0,
    "AllowImageSubTrack" : false,
    "BurnedInDefault" : true
  }
}