{
  "Extension" : "swf",
  "Quality" : 3,
  "ToDevice" : [

  ],
  "Video" : {
    "TrackNumLimit" : 1,
    "DefaultCodec" : "flv",
    "Codecs" : [
      {
        "Aspect" : {
          "Presets" : [
            "keep original",
            "16:10",
            "16:9",
            "4:3",
            "3:2",
            "5:4",
            "5:3",
            "1:1",
            "2.21:1",
            "2.35:1",
            "2.39:1",
            "10:16",
            "9:16",
            "3:4",
            "2:3",
            "4:5",
            "3:5",
            "1:2.21",
            "1:2.35",
            "1:2.39"
          ],
          "Value" : "keep original",
          "Editable" : false
        },
        "Bitrate" : {
          "Presets" : [
            "Auto Calculate",
            "Manual"
          ],
          "2PassEncode" : false,
          "Value" : "Auto Calculate",
          "Editable" : false,
          "Mode" : "CBR"
        },
        "BFrames" : {
          "Presets" : [
            "0",
            "1",
            "2",
            "3",
            "4",
            "5",
            "6",
            "7",
            "8",
            "9",
            "10",
            "11",
            "12",
            "13",
            "14",
            "15",
            "16"
          ],
          "Value" : "0",
          "Editable" : false
        },
        "GOP" : 250,
        "FrameRate" : {
          "Presets" : [
            "keep original",
            "15",
            "23.976",
            "24",
            "25",
            "29.97",
            "30",
            "50",
            "59.94",
            "60"
          ],
          "Value" : "23.976",
          "Editable" : false
        },
        "Limit" : {
          "MaxWidth" : 3840,
          "MaxFrameRate" : 30,
          "MaxHeight" : 2160,
          "MaxBitRate" : 8000,
          "AllowBFrames" : 1,
          "AllowPassthrough" : 1
        },
        "Resolution" : {
          "Presets" : [
            "128x96",
            "176x144",
            "352x288",
            "704x576",
            "1408x1152"
          ],
          "Modified" : false,
          "Value" : "704x576",
          "Editable" : false
        },
        "Codec" : "flv"
      }
    ]
  },
  "ID" : 1000216,
  "Target" : "",
  "Comment" : "",
  "Summary" : {
    "Titles" : {
      "fr" : "Vidéo SWF",
      "ko" : "SWF Video",
      "zh-hant" : "SWF",
      "de" : "SWF Video",
      "it" : "SWF Video",
      "pt-pt" : "SWF Video",
      "es" : "SWF Video",
      "en" : "SWF Video",
      "zh-hans" : "SWF",
      "ja" : "SWF動画"
    },
    "ShortTitles" : {
      "fr" : "SWF",
      "ko" : "SWF",
      "zh-hant" : "SWF",
      "de" : "SWF",
      "it" : "SWF",
      "pt-pt" : "SWF",
      "es" : "SWF",
      "en" : "SWF",
      "zh-hans" : "SWF",
      "ja" : "SWF"
    },
    "AudioCodec" : "MP3",
    "Descriptions" : {
      "fr" : "Vidéo SWF",
      "ko" : "SWF비디오",
      "zh-hant" : "SWF影片格式",
      "de" : "ShockWave Flash Video",
      "it" : "Video SWF",
      "pt-pt" : "Vídeo SWF",
      "es" : "Video de SWF",
      "en" : "ShockWave Flash Video",
      "zh-hans" : "SWF视频文件格式",
      "ja" : "通常動画用SWF形式"
    },
    "Recommend" : false,
    "KeyWords" : "",
    "VideoCodec" : "FLV",
    "Resolution" : ""
  },
  "Audio" : {
    "TrackNumLimit" : 1,
    "DefaultCodec" : "mp3",
    "CodecsPassthru" : [
      "mp3"
    ],
    "Codecs" : [
      {
        "Bitrate" : {
          "Presets" : [
            "160",
            "128",
            "112",
            "96",
            "80",
            "64",
            "56",
            "48"
          ],
          "Value" : "128",
          "Editable" : false
        },
        "SampleRate" : {
          "Presets" : [
            "48000",
            "44100",
            "32000",
            "22050",
            "16000"
          ],
          "Value" : "44100",
          "Editable" : false
        },
        "Channel" : {
          "Presets" : [
            "2"
          ],
          "Value" : "2",
          "Editable" : false
        },
        "Codec" : "mp3"
      }
    ]
  },
  "Type" : "GenericVideo",
  "PadForce" : true,
  "PadValue" : true,
  "CustomProfile" : 0,
  "Subtitle" : {
    "TrackNumLimit" : 0,
    "AllowImageSubTrack" : false,
    "BurnedInDefault" : true
  }
}