{
  "Extension" : "mp4",
  "Quality" : 3,
  "ToDevice" : [
    "iTunes"
  ],
  "Video" : {
    "TrackNumLimit" : 1,
    "Codecs" : [
      {
        "Aspect" : {
          "Presets" : [
            "keep original",
            "16:10",
            "16:9",
            "4:3",
            "3:2",
            "5:4",
            "5:3",
            "1:1",
            "2.21:1",
            "2.35:1",
            "2.39:1"
          ],
          "Value" : "keep original",
          "Editable" : 0
        },
        "FrameRate" : {
          "Presets" : [
            "keep original",
            "15",
            "23.976",
            "24",
            "25",
            "29.97",
            "30",
            "50",
            "59.94",
            "60"
          ],
          "Value" : "30",
          "Editable" : 0
        },
        "Bitrate" : {
          "Presets" : [
            "Auto Calculate",
            "Manual"
          ],
          "2PassEncode" : false,
          "Value" : "Auto Calculate",
          "Editable" : false,
          "Mode" : "CBR"
        },
        "BFrames" : {
          "Presets" : [
            "0",
            "1",
            "2",
            "3",
            "4",
            "5",
            "6",
            "7",
            "8",
            "9",
            "10",
            "11",
            "12",
            "13",
            "14",
            "15",
            "16"
          ],
          "Value" : "0",
          "Editable" : false
        },
        "GOP" : 250,
        "Codec" : "h.264",
        "ProfileLevel" : {
          "Presets" : [
            "baseline",
            "main",
            "high"
          ],
          "Value" : "main",
          "Editable" : false,
          "Level" : "4.2"
        },
        "Resolution" : {
          "Presets" : [
            "keep original",
            "480x320",
            "640x480",
            "720x480",
            "960x640",
            "1280x720",
            "1920x1080"
          ],
          "Modified" : false,
          "Value" : "keep original",
          "Editable" : 0
        },
        "Limit" : {
          "MaxWidth" : 3840,
          "MaxFrameRate" : 60,
          "MaxHeight" : 2160,
          "MaxBitRate" : 10000,
          "AllowBFrames" : 1,
          "AllowPassthrough" : 1
        }
      }
    ],
    "DefaultCodec" : "h.264"
  },
  "ID" : 1000118,
  "Target" : "MoDe_AndroidM_MP4",
  "Comment" : "",
  "Summary" : {
    "Titles" : {
      "fr" : "Lenovo K5, K6, K8",
      "ko" : "Lenovo K5, K6, K8",
      "zh-hant" : "Lenovo K5, K6, K8",
      "de" : "Lenovo K5, K6, K8",
      "it" : "Lenovo K5, K6, K8",
      "pt-pt" : "Lenovo K5, K6, K8",
      "es" : "Lenovo K5, K6, K8",
      "en" : "Lenovo K5, K6, K8",
      "zh-hans" : "Lenovo K5, K6, K8",
      "ja" : "Lenovo K5, K6, K8"
    },
    "ShortTitles" : {
      "fr" : "Lenovo",
      "ko" : "Lenovo",
      "zh-hant" : "Lenovo",
      "de" : "Lenovo",
      "zh-hans" : "Lenovo",
      "it" : "Lenovo",
      "pt-pt" : "Lenovo",
      "en" : "Lenovo",
      "es" : "Lenovo",
      "ja" : "Lenovo"
    },
    "AudioCodec" : "AAC",
    "Descriptions" : {
      "fr" : "Format MP4 pour Lenovo K5, K6, K8",
      "ko" : "Lenovo K5, K6, K8 에 적용되는 mp4비디오",
      "zh-hant" : "適用於 Lenovo K5, K6, K8的MP4影片",
      "de" : "MP4 Format für Lenovo K5, K6, K8",
      "it" : "Video MP4 adatto per Lenovo K5, K6, K8",
      "pt-pt" : "Formato MP4 para Lenovo K5, K6, K8",
      "es" : "MP4 Video para Lenovo K5, K6, K8",
      "en" : "MP4 format for Lenovo K5, K6, K8",
      "zh-hans" : "适用于 Lenovo K5, K6, K8 的MP4视频",
      "ja" : "Lenovo K5, K6, K8用MP4形式"
    },
    "Recommend" : false,
    "KeyWords" : "",
    "VideoCodec" : "H264",
    "Resolution" : ""
  },
  "Audio" : {
    "TrackNumLimit" : 1,
    "CodecsPassthru" : [
      "aac"
    ],
    "DefaultCodec" : "aac",
    "Codecs" : [
      {
        "Bitrate" : {
          "Presets" : [
            "32",
            "40",
            "48",
            "56",
            "64",
            "80",
            "96",
            "112",
            "128",
            "160"
          ],
          "Value" : "128",
          "Editable" : "0"
        },
        "SampleRate" : {
          "Presets" : [
            "16000",
            "22050",
            "32000",
            "44100",
            "48000"
          ],
          "Value" : "44100",
          "Editable" : "0"
        },
        "Channel" : {
          "Presets" : [
            "2"
          ],
          "Value" : "2",
          "Editable" : "0"
        },
        "Codec" : "aac"
      }
    ]
  },
  "Type" : "MobileVideo",
  "PadForce" : false,
  "PadValue" : false,
  "CustomProfile" : 0,
  "Subtitle" : {
    "TrackNumLimit" : 1,
    "AllowImageSubTrack" : false,
    "BurnedInDefault" : true
  }
}