{
  "Extension" : "mov",
  "Quality" : 3,
  "ToDevice" : [
    "iTunes"
  ],
  "Video" : {
    "TrackNumLimit" : 1,
    "Codecs" : [
      {
        "Aspect" : {
          "Presets" : [
            "keep original",
            "16:10",
            "16:9",
            "4:3",
            "3:2",
            "5:4",
            "5:3",
            "1:1",
            "2.21:1",
            "2.35:1",
            "2.39:1"
          ],
          "Value" : "keep original",
          "Editable" : 0
        },
        "FrameRate" : {
          "Presets" : [
            "keep original",
            "15",
            "23.976",
            "24",
            "25",
            "29.97",
            "30",
            "50",
            "59.94",
            "60"
          ],
          "Value" : "30",
          "Editable" : 0
        },
        "Bitrate" : {
          "Presets" : [
            "Auto Calculate",
            "Manual"
          ],
          "2PassEncode" : false,
          "Value" : "Auto Calculate",
          "Editable" : false,
          "Mode" : "CBR"
        },
        "BFrames" : {
          "Presets" : [
            "0",
            "1",
            "2",
            "3",
            "4",
            "5",
            "6",
            "7",
            "8",
            "9",
            "10",
            "11",
            "12",
            "13",
            "14",
            "15",
            "16"
          ],
          "Value" : "0",
          "Editable" : false
        },
        "GOP" : 250,
        "Codec" : "ProRes",
        "ProfileLevel" : {
          "Presets" : [
            "hq"
          ],
          "Value" : "hq",
          "Editable" : false
        },
        "Resolution" : {
          "Presets" : [
            "keep original",
            "320x240",
            "480x320",
            "640x480",
            "960x640",
            "1280x720",
            "1920x1080",
            "2560x1080",
            "2560x1440 (2K)",
            "3840x2160 (4K)"
          ],
          "Modified" : false,
          "Value" : "1920x1080",
          "Editable" : 0
        },
        "Limit" : {
          "MaxWidth" : 3840,
          "MaxFrameRate" : 60,
          "MaxHeight" : 2160,
          "MaxBitRate" : 10000,
          "AllowBFrames" : 1,
          "AllowPassthrough" : 1
        }
      }
    ],
    "DefaultCodec" : "ProRes"
  },
  "ID" : 1000069,
  "Target" : "MoDe_Apple_MOV",
  "Comment" : "",
  "Summary" : {
    "Titles" : {
      "fr" : "Vidéo MOV (ProRes 422HQ)",
      "zh-hant" : "MOV (ProRes 422HQ)",
      "de" : "MOV Video (ProRes 422HQ)",
      "zh-hans" : "MOV (ProRes 422HQ)",
      "es" : "Vídeo MOV (ProRes 422HQ)",
      "en" : "MOV Video (ProRes 422HQ)",
      "ja" : "MOVビデオ(ProRes 422HQ)"
    },
    "ShortTitles" : {
      "fr" : "MOV",
      "zh-hant" : "MOV",
      "de" : "MOV",
      "zh-hans" : "MOV",
      "es" : "MOV",
      "en" : "MOV",
      "ja" : "MOV"
    },
    "AudioCodec" : "AAC",
    "Descriptions" : {
      "fr" : "Codecs d'édition de haute qualité et de haute performance pour Final Cut Pro",
      "zh-hant" : "高品質，可用於Final Cut Pro進行高效編輯",
      "de" : "Hochwertige, leistungsstarke Codecs für die Bearbeitung mit Final Cut Pro",
      "zh-hans" : "高质量，可用于Final Cut Pro进行高效率编辑",
      "es" : "Códecs de edición de alta calidad y alto rendimiento para Final Cut Pro",
      "en" : "High-quality, high-performance editing codecs for Final Cut Pro.",
      "ja" : "Final Cut Pro用高品質と高性能の編集コーデック"
    },
    "Recommend" : false,
    "KeyWords" : "",
    "VideoCodec" : "PRORES",
    "Resolution" : ""
  },
  "Audio" : {
    "TrackNumLimit" : 1,
    "CodecsPassthru" : [
      "aac"
    ],
    "DefaultCodec" : "aac",
    "Codecs" : [
      {
        "Bitrate" : {
          "Presets" : [
            "32",
            "40",
            "48",
            "56",
            "64",
            "80",
            "96",
            "112",
            "128",
            "160",
            "192",
            "224"
          ],
          "Value" : "128",
          "Editable" : "0"
        },
        "SampleRate" : {
          "Presets" : [
            "16000",
            "22050",
            "32000",
            "44100",
            "48000",
            "96000"
          ],
          "Value" : "44100",
          "Editable" : "0"
        },
        "Channel" : {
          "Presets" : [
            "2"
          ],
          "Value" : "2",
          "Editable" : "0"
        },
        "Codec" : "aac"
      }
    ]
  },
  "Type" : "MobileVideo",
  "PadForce" : false,
  "PadValue" : false,
  "CustomProfile" : 0,
  "Subtitle" : {
    "TrackNumLimit" : 0,
    "AllowImageSubTrack" : false,
    "BurnedInDefault" : true
  }
}