{
  "Extension" : "mp4",
  "Quality" : 3,
  "ToDevice" : [
    "iTunes"
  ],
  "Video" : {
    "TrackNumLimit" : 1,
    "Codecs" : [
      {
        "Aspect" : {
          "Presets" : [
            "keep original",
            "16:10",
            "16:9",
            "4:3",
            "3:2",
            "5:4",
            "5:3",
            "1:1",
            "2.21:1",
            "2.35:1",
            "2.39:1"
          ],
          "Value" : "keep original",
          "Editable" : 0
        },
        "Bitrate" : {
          "Presets" : [
            "Auto Calculate",
            "Manual"
          ],
          "2PassEncode" : false,
          "Value" : "Auto Calculate",
          "Editable" : false,
          "Mode" : "CBR"
        },
        "BFrames" : {
          "Presets" : [
            "0",
            "1",
            "2",
            "3",
            "4",
            "5",
            "6",
            "7",
            "8",
            "9",
            "10",
            "11",
            "12",
            "13",
            "14",
            "15",
            "16"
          ],
          "Value" : "0",
          "Editable" : false
        },
        "GOP" : 250,
        "FrameRate" : {
          "Presets" : [
            "keep original",
            "15",
            "23.976",
            "24",
            "25",
            "29.97",
            "30",
            "50",
            "59.94",
            "60"
          ],
          "Value" : "30",
          "Editable" : 0
        },
        "Limit" : {
          "MaxWidth" : 3840,
          "MaxFrameRate" : 60,
          "MaxHeight" : 2160,
          "MaxBitRate" : 10000,
          "AllowBFrames" : 1,
          "AllowPassthrough" : 1
        },
        "Resolution" : {
          "Presets" : [
            "keep original",
            "320x240",
            "480x320",
            "640x480",
            "960x640",
            "1280x720",
            "1920x1080"
          ],
          "Modified" : false,
          "Value" : "keep original",
          "Editable" : 1
        },
        "Codec" : "mpeg4"
      }
    ],
    "DefaultCodec" : "mpeg4"
  },
  "ID" : 1000085,
  "Target" : "MoDe_Apple_MP4",
  "Comment" : "",
  "Summary" : {
    "Titles" : {
      "fr" : "Final Cut Pro (MPEG4)",
      "ko" : "Final Cut Pro (MPEG4)",
      "zh-hant" : "Final Cut Pro (MPEG4)",
      "de" : "Final Cut Pro (MPEG4)",
      "it" : "Final Cut Pro (MPEG4)",
      "pt-pt" : "Final Cut Pro (MPEG4)",
      "es" : "Final Cut Pro (MPEG4)",
      "en" : "Final Cut Pro (MPEG4)",
      "zh-hans" : "Final Cut Pro (MPEG4)",
      "ja" : "Final Cut Pro (MPEG4)"
    },
    "ShortTitles" : {
      "fr" : "Final Cut Pro",
      "ko" : "Final Cut Pro",
      "zh-hant" : "Final Cut Pro",
      "de" : "Final Cut Pro",
      "zh-hans" : "Final Cut Pro",
      "it" : "Final Cut Pro",
      "pt-pt" : "Final Cut Pro",
      "en" : "Final Cut Pro",
      "es" : "Final Cut Pro",
      "ja" : "Final Cut Pro"
    },
    "AudioCodec" : "AAC",
    "Descriptions" : {
      "fr" : "Format MP4 pour Final Cut Pro",
      "ko" : "Final Cut Pro에 적용되는  MP4비디오",
      "zh-hant" : "適用於Final Cut Pro的MP4影片",
      "de" : "MP4 Format für Final Cut Pro",
      "it" : "Video MP4 adatto per Final Cut Pro",
      "pt-pt" : "Formato MP4 para Final Cut Pro",
      "es" : "MP4 Video para Final Cut Pro",
      "en" : "MP4 format for Final Cut Pro",
      "zh-hans" : "适用于Final Cut Pro的MP4视频",
      "ja" : "Final Cut Pro用MP4形式"
    },
    "Recommend" : false,
    "KeyWords" : "",
    "VideoCodec" : "MPEG4",
    "Resolution" : ""
  },
  "Audio" : {
    "TrackNumLimit" : 1,
    "CodecsPassthru" : [
      "aac"
    ],
    "DefaultCodec" : "aac",
    "Codecs" : [
      {
        "Bitrate" : {
          "Presets" : [
            "32",
            "40",
            "48",
            "56",
            "64",
            "80",
            "96",
            "112",
            "128",
            "160",
            "192",
            "224",
            "256",
            "320"
          ],
          "Value" : "128",
          "Editable" : "0"
        },
        "SampleRate" : {
          "Presets" : [
            "16000",
            "22050",
            "32000",
            "44100",
            "48000"
          ],
          "Value" : "44100",
          "Editable" : "0"
        },
        "Channel" : {
          "Presets" : [
            "2"
          ],
          "Value" : "2",
          "Editable" : "0"
        },
        "Codec" : "aac"
      }
    ]
  },
  "Type" : "MobileVideo",
  "PadForce" : false,
  "PadValue" : false,
  "CustomProfile" : 0,
  "Subtitle" : {
    "TrackNumLimit" : 1,
    "AllowImageSubTrack" : false,
    "BurnedInDefault" : true
  }
}