{
  "Extension" : "mp4",
  "Quality" : 3,
  "ToDevice" : [
    "iTunes"
  ],
  "Video" : {
    "TrackNumLimit" : 1,
    "DefaultCodec" : "h.264",
    "Codecs" : [
      {
        "Aspect" : {
          "Presets" : [
            "keep original",
            "16:10",
            "16:9",
            "4:3",
            "3:2",
            "5:4",
            "5:3",
            "1:1",
            "2.21:1",
            "2.35:1",
            "2.39:1"
          ],
          "Value" : "keep original",
          "Editable" : false
        },
        "Resolution" : {
          "Presets" : [
            "1280x720",
            "1920x1080",
            "3840x2160",
            "4096x2160"
          ],
          "Modified" : false,
          "Value" : "3840x2160",
          "Editable" : false
        },
        "Bitrate" : {
          "Presets" : [
            "Auto Calculate",
            "Manual"
          ],
          "2PassEncode" : false,
          "Value" : "Auto Calculate",
          "Editable" : false,
          "Mode" : "CBR"
        },
        "BFrames" : {
          "Presets" : [
            "0",
            "1",
            "2",
            "3",
            "4",
            "5",
            "6",
            "7",
            "8",
            "9",
            "10",
            "11",
            "12",
            "13",
            "14",
            "15",
            "16"
          ],
          "Value" : "2",
          "Editable" : false
        },
        "GOP" : 250,
        "FrameRate" : {
          "Presets" : [
            "keep original",
            "15",
            "23.976",
            "24",
            "25",
            "29.97",
            "30",
            "50",
            "59.94",
            "60"
          ],
          "Value" : "30",
          "Editable" : false
        },
        "Codec" : "h.264",
        "ProfileLevel" : {
          "Presets" : [
            "main",
            "high"
          ],
          "Value" : "main",
          "Editable" : false,
          "Level" : "5.1"
        },
        "Limit" : {
          "MaxWidth" : -1,
          "MaxFrameRate" : -1,
          "MaxHeight" : -1,
          "MaxBitRate" : -1,
          "AllowBFrames" : -1,
          "AllowPassthrough" : 1
        }
      }
    ]
  },
  "ID" : 1000211,
  "Target" : "MP4",
  "Comment" : "",
  "Summary" : {
    "Titles" : {
      "fr" : "Apple TV 4K",
      "zh-hant" : "Apple TV 4K",
      "de" : "Apple TV 4K",
      "zh-hans" : "Apple TV 4K",
      "es" : "Apple TV 4K",
      "en" : "Apple TV 4K",
      "ja" : "Apple TV 4K"
    },
    "ShortTitles" : {
      "fr" : "Apple TV",
      "zh-hant" : "Apple TV",
      "de" : "Apple TV",
      "zh-hans" : "Apple TV",
      "es" : "Apple TV",
      "en" : "Apple TV",
      "ja" : "Apple TV"
    },
    "AudioCodec" : "AAC",
    "Descriptions" : {
      "fr" : "Ultra haute résolution pour l'Apple TV",
      "zh-hant" : "適用於Apple TV的超高畫質熒幕",
      "de" : "Ultrahohe Auflösung für Apple TV",
      "zh-hans" : "适用于Apple TV的超高分辨率",
      "es" : "Ultra alta resolución para Apple TV",
      "en" : "High resolution for Apple TV",
      "ja" : "Apple TV用の超高解像度"
    },
    "Recommend" : false,
    "KeyWords" : "",
    "VideoCodec" : "H264",
    "Resolution" : "4K (3840x2160)"
  },
  "Audio" : {
    "TrackNumLimit" : 4,
    "DefaultCodec" : "aac",
    "CodecsPassthru" : [
      "aac",
      "mp3",
      "ac3",
      "dts",
      "dts-hd"
    ],
    "Codecs" : [
      {
        "Bitrate" : {
          "Presets" : [
            "320",
            "160",
            "128",
            "112",
            "96"
          ],
          "Value" : "128",
          "Editable" : false
        },
        "SampleRate" : {
          "Presets" : [
            "48000",
            "44100"
          ],
          "Value" : "44100",
          "Editable" : false
        },
        "Channel" : {
          "Presets" : [
            "2",
            "5.1 Surround"
          ],
          "Value" : "2",
          "Editable" : false
        },
        "Codec" : "aac"
      }
    ]
  },
  "Type" : "GenericVideo",
  "PadForce" : true,
  "PadValue" : true,
  "CustomProfile" : 0,
  "Subtitle" : {
    "TrackNumLimit" : 1,
    "AllowImageSubTrack" : false,
    "BurnedInDefault" : true
  }
}