{
  "Extension" : "vob",
  "Quality" : 3,
  "ToDevice" : [
    "iTunes"
  ],
  "Video" : {
    "TrackNumLimit" : 1,
    "DefaultCodec" : "mpeg2",
    "Codecs" : [
      {
        "Aspect" : {
          "Presets" : [
            "keep original",
            "16:10",
            "16:9",
            "4:3",
            "3:2",
            "5:4",
            "5:3",
            "1:1",
            "2.21:1",
            "2.35:1",
            "2.39:1"
          ],
          "Value" : "keep original",
          "Editable" : 0
        },
        "Bitrate" : {
          "Presets" : [
            "Auto Calculate",
            "Manual"
          ],
          "2PassEncode" : false,
          "Value" : "Auto Calculate",
          "Editable" : false,
          "Mode" : "CBR"
        },
        "BFrames" : {
          "Presets" : [
            "0",
            "1",
            "2",
            "3",
            "4",
            "5",
            "6",
            "7",
            "8",
            "9",
            "10",
            "11",
            "12",
            "13",
            "14",
            "15",
            "16"
          ],
          "Value" : "0",
          "Editable" : false
        },
        "GOP" : 250,
        "FrameRate" : {
          "Presets" : [
            "25"
          ],
          "Value" : "25",
          "Editable" : 0
        },
        "Limit" : {
          "MaxWidth" : -1,
          "MaxFrameRate" : -1,
          "MaxHeight" : -1,
          "MaxBitRate" : -1,
          "AllowBFrames" : -1,
          "AllowPassthrough" : 1
        },
        "Resolution" : {
          "Presets" : [
            "720x576"
          ],
          "Modified" : false,
          "Value" : "720x576",
          "Editable" : 0
        },
        "Codec" : "mpeg2"
      }
    ]
  },
  "ID" : 1000193,
  "Target" : "",
  "Comment" : "",
  "Summary" : {
    "Titles" : {
      "fr" : "Vidéo PAL DVD",
      "ko" : "PAL DVD 비디오",
      "zh-hant" : "PAL DVD",
      "de" : "PAL DVD Video",
      "it" : "PAL DVD video",
      "pt-pt" : "Vídeo de PAL DVD",
      "es" : "Video de PAL DVD",
      "en" : "PAL DVD Format",
      "zh-hans" : "PAL DVD",
      "ja" : "PAL DVD 動画"
    },
    "ShortTitles" : {
      "fr" : "VOB",
      "ko" : "VOB",
      "zh-hant" : "VOB",
      "de" : "VOB",
      "zh-hans" : "VOB",
      "it" : "VOB",
      "pt-pt" : "VOB",
      "en" : "VOB",
      "es" : "VOB",
      "ja" : "VOB"
    },
    "AudioCodec" : "AC3",
    "Descriptions" : {
      "fr" : "Vidéo PAL VOB standard, pour graver DVD",
      "ko" : "표준 PAL VOB 동영상, DVD 굽기에 사용 가능",
      "zh-hant" : "標準PAL VOB影片，可用於DVD燒錄",
      "de" : "PAL DVD VOB Dateiformat, das zum Brennen auf eine DVD weit verwendet ist",
      "it" : "Video PAL VOB, puo' essere utilizzato per scrivere un disco DVD",
      "pt-pt" : "Aplicável para vídeo MP4 de NOKIA Lumia  1020",
      "es" : "PAL VOB vídeo estándar, se puede utilizar para grabar un disco DVD",
      "en" : "PAL DVD VOB file format, widely used to burn into DVD",
      "zh-hans" : "标准PAL VOB视频, 可用于烧录DVD光盘",
      "ja" : "PAL DVD VOBファイル形式、DVDに焼ける"
    },
    "Recommend" : false,
    "KeyWords" : "",
    "VideoCodec" : "MPEG2",
    "Resolution" : ""
  },
  "Audio" : {
    "TrackNumLimit" : 1,
    "DefaultCodec" : "ac3",
    "CodecsPassthru" : [
      "ac3"
    ],
    "Codecs" : [
      {
        "Bitrate" : {
          "Presets" : [
            "448"
          ],
          "Value" : "448",
          "Editable" : "0"
        },
        "SampleRate" : {
          "Presets" : [
            "48000"
          ],
          "Value" : "48000",
          "Editable" : "0"
        },
        "Channel" : {
          "Presets" : [
            "2",
            "4",
            "6"
          ],
          "Value" : "2",
          "Editable" : "0"
        },
        "Codec" : "ac3"
      }
    ]
  },
  "Type" : "GenericVideo",
  "PadForce" : true,
  "PadValue" : true,
  "CustomProfile" : 0,
  "Subtitle" : {
    "TrackNumLimit" : 0,
    "AllowImageSubTrack" : false,
    "BurnedInDefault" : true
  }
}