{
  "Extension" : "mov",
  "Quality" : 3,
  "ToDevice" : [
    "iTunes"
  ],
  "Video" : {
    "TrackNumLimit" : 1,
    "DefaultCodec" : "mpeg4",
    "Codecs" : [
      {
        "Aspect" : {
          "Presets" : [
            "keep original",
            "16:10",
            "16:9",
            "4:3",
            "3:2",
            "5:4",
            "5:3",
            "1:1",
            "2.21:1",
            "2.35:1",
            "2.39:1"
          ],
          "Value" : "keep original",
          "Editable" : 0
        },
        "Bitrate" : {
          "Presets" : [
            "Auto Calculate",
            "Manual"
          ],
          "2PassEncode" : false,
          "Value" : "Auto Calculate",
          "Editable" : false,
          "Mode" : "CBR"
        },
        "BFrames" : {
          "Presets" : [
            "0",
            "1",
            "2",
            "3",
            "4",
            "5",
            "6",
            "7",
            "8",
            "9",
            "10",
            "11",
            "12",
            "13",
            "14",
            "15",
            "16"
          ],
          "Value" : "0",
          "Editable" : false
        },
        "GOP" : 250,
        "FrameRate" : {
          "Presets" : [
            "keep original",
            "15",
            "23.976",
            "24",
            "25",
            "29.97",
            "30",
            "50",
            "59.94",
            "60"
          ],
          "Value" : "30",
          "Editable" : 0
        },
        "Limit" : {
          "MaxWidth" : -1,
          "MaxFrameRate" : -1,
          "MaxHeight" : -1,
          "MaxBitRate" : -1,
          "AllowBFrames" : -1,
          "AllowPassthrough" : 1
        },
        "Resolution" : {
          "Presets" : [
            "keep original",
            "320x240",
            "480x320",
            "640x480",
            "720x480",
            "960x640",
            "1280x720"
          ],
          "Modified" : false,
          "Value" : "keep original",
          "Editable" : 1
        },
        "Codec" : "mpeg4"
      }
    ]
  },
  "ID" : 1000052,
  "Target" : "MOV",
  "Comment" : "",
  "Summary" : {
    "Titles" : {
      "fr" : "Vidéo MOV(MPEG4)",
      "ko" : "MOV Video (MPEG4)",
      "zh-hant" : "MOV (MPEG4)",
      "de" : "MOV Video (MPEG4)",
      "it" : "MOV Video (MPEG4)",
      "pt-pt" : "MOV Video (MPEG4)",
      "es" : "Vídeo MOV (MPEG4)",
      "en" : "MOV Video (MPEG4)",
      "zh-hans" : "MOV (MPEG4)",
      "ja" : "MOV動画 (MPEG4)"
    },
    "ShortTitles" : {
      "fr" : "MOV",
      "ko" : "MOV",
      "zh-hant" : "MOV",
      "de" : "MOV",
      "zh-hans" : "MOV",
      "it" : "MOV",
      "pt-pt" : "MOV",
      "en" : "MOV",
      "es" : "MOV",
      "ja" : "MOV"
    },
    "AudioCodec" : "AAC",
    "Descriptions" : {
      "fr" : "Format MOV pour Facebook",
      "ko" : "Facebook에 적용되는 MOV비디오",
      "zh-hant" : "適用於Facebook的MOV影片",
      "de" : "MOV Video für Facebook",
      "it" : "Video MOV adatto per Facebook",
      "pt-pt" : "Formato MOV para Facebook",
      "es" : "Vídeo MOV vídeo para Facebook",
      "en" : "MOV Video for Facebook",
      "zh-hans" : "适用于Facebook的MOV视频",
      "ja" : "Facebook用MOV動画"
    },
    "Recommend" : false,
    "KeyWords" : "",
    "VideoCodec" : "MPEG4",
    "Resolution" : ""
  },
  "Audio" : {
    "TrackNumLimit" : 1,
    "DefaultCodec" : "aac",
    "CodecsPassthru" : [
      "aac"
    ],
    "Codecs" : [
      {
        "Bitrate" : {
          "Presets" : [
            "32",
            "40",
            "48",
            "56",
            "64",
            "80",
            "96",
            "128",
            "160",
            "192",
            "224",
            "256",
            "320"
          ],
          "Value" : "128",
          "Editable" : "0"
        },
        "SampleRate" : {
          "Presets" : [
            "16000",
            "22050",
            "32000",
            "44100",
            "48000"
          ],
          "Value" : "44100",
          "Editable" : "0"
        },
        "Channel" : {
          "Presets" : [
            "2",
            "4",
            "6"
          ],
          "Value" : "2",
          "Editable" : "0"
        },
        "Codec" : "aac"
      }
    ]
  },
  "Type" : "GenericVideo",
  "PadForce" : false,
  "PadValue" : false,
  "CustomProfile" : 0,
  "Subtitle" : {
    "TrackNumLimit" : 0,
    "AllowImageSubTrack" : false,
    "BurnedInDefault" : true
  }
}