{
  "Extension" : "mp4",
  "Quality" : 3,
  "ToDevice" : [
    "iTunes"
  ],
  "Video" : {
    "TrackNumLimit" : 1,
    "Codecs" : [
      {
        "Aspect" : {
          "Presets" : [
            "keep original",
            "16:10",
            "16:9",
            "4:3",
            "3:2",
            "5:4",
            "5:3",
            "1:1",
            "2.21:1",
            "2.35:1",
            "2.39:1"
          ],
          "Value" : "keep original",
          "Editable" : 0
        },
        "Bitrate" : {
          "Presets" : [
            "Auto Calculate",
            "Manual"
          ],
          "2PassEncode" : false,
          "Value" : "Auto Calculate",
          "Editable" : false,
          "Mode" : "CBR"
        },
        "BFrames" : {
          "Presets" : [
            "0",
            "1",
            "2",
            "3",
            "4",
            "5",
            "6",
            "7",
            "8",
            "9",
            "10",
            "11",
            "12",
            "13",
            "14",
            "15",
            "16"
          ],
          "Value" : "0",
          "Editable" : false
        },
        "GOP" : 250,
        "FrameRate" : {
          "Presets" : [
            "keep original",
            "15",
            "23.976",
            "24",
            "25",
            "29.97",
            "30",
            "50",
            "59.94",
            "60"
          ],
          "Value" : "25",
          "Editable" : 0
        },
        "Limit" : {
          "MaxWidth" : 3840,
          "MaxFrameRate" : 60,
          "MaxHeight" : 2160,
          "MaxBitRate" : 10000,
          "AllowBFrames" : 1,
          "AllowPassthrough" : 1
        },
        "Resolution" : {
          "Presets" : [
            "keep original",
            "320x240",
            "480x320",
            "640x480",
            "720x480",
            "800x480",
            "1280x720",
            "1920x1080"
          ],
          "Modified" : false,
          "Value" : "480x320",
          "Editable" : 0
        },
        "Codec" : "mpeg4"
      }
    ],
    "DefaultCodec" : "mpeg4"
  },
  "ID" : 1000130,
  "Target" : "MoDe_AndroidM_MP4",
  "Comment" : "",
  "Summary" : {
    "Titles" : {
      "fr" : "Vidéo Général Portables (MPEG4)",
      "ko" : "모든 핸드폰 통용 비디오 (MPEG4)",
      "zh-hant" : "通用的手機影片格式 (MPEG4)",
      "de" : "Allgemeines Mobile Video (MPEG4)",
      "it" : "Video comune per tutti cellulari (MPEG4)",
      "pt-pt" : "Vídeo general para todos os telemóveis (MPEG4)",
      "es" : "Formato general para móviles (MPEG4)",
      "en" : "General Mobile Video (MPEG4)",
      "zh-hans" : "通用的手机视频 (MPEG4)",
      "ja" : "通常モバイル動画 (MPEG4)"
    },
    "ShortTitles" : {
      "fr" : "MP4",
      "ko" : "MP4",
      "zh-hant" : "MP4",
      "de" : "MP4",
      "zh-hans" : "MP4",
      "it" : "MP4",
      "pt-pt" : "MP4",
      "en" : "MP4",
      "es" : "MP4",
      "ja" : "MP4"
    },
    "AudioCodec" : "AAC",
    "Descriptions" : {
      "fr" : "Format MP4 général pour les portables",
      "ko" : "핸드폰 통용 MP4비디오",
      "zh-hant" : "手機通用的MP4影片",
      "de" : "MP4 Format für allgemeines Mobile Video",
      "it" : "Video MP4 comune per cellular",
      "pt-pt" : "Formato MP4 para telemóvel general",
      "es" : "Vídeo MP4 genérico para móvil",
      "en" : "MP4 format for general mobile video",
      "zh-hans" : "手机通用的MP4视频",
      "ja" : "通常モバイル動画用MP4形式"
    },
    "Recommend" : false,
    "KeyWords" : "",
    "VideoCodec" : "MPEG4",
    "Resolution" : ""
  },
  "Audio" : {
    "TrackNumLimit" : 1,
    "CodecsPassthru" : [
      "aac"
    ],
    "DefaultCodec" : "aac",
    "Codecs" : [
      {
        "Bitrate" : {
          "Presets" : [
            "96",
            "128",
            "160"
          ],
          "Value" : "128",
          "Editable" : "0"
        },
        "SampleRate" : {
          "Presets" : [
            "22050",
            "32000",
            "44100",
            "48000"
          ],
          "Value" : "44100",
          "Editable" : "0"
        },
        "Channel" : {
          "Presets" : [
            "2"
          ],
          "Value" : "2",
          "Editable" : "0"
        },
        "Codec" : "aac"
      }
    ]
  },
  "Type" : "MobileVideo",
  "PadForce" : false,
  "PadValue" : false,
  "CustomProfile" : 0,
  "Subtitle" : {
    "TrackNumLimit" : 1,
    "AllowImageSubTrack" : false,
    "BurnedInDefault" : true
  }
}