{
  "Extension" : "mpg",
  "Quality" : 3,
  "ToDevice" : [
    "iTunes"
  ],
  "Video" : {
    "TrackNumLimit" : 1,
    "DefaultCodec" : "mpeg2",
    "Codecs" : [
      {
        "Aspect" : {
          "Presets" : [
            "keep original",
            "16:10",
            "16:9",
            "4:3",
            "3:2",
            "5:4",
            "5:3",
            "1:1",
            "2.21:1",
            "2.35:1",
            "2.39:1"
          ],
          "Value" : "keep original",
          "Editable" : 0
        },
        "Bitrate" : {
          "Presets" : [
            "Auto Calculate",
            "Manual"
          ],
          "2PassEncode" : false,
          "Value" : "Auto Calculate",
          "Editable" : false,
          "Mode" : "CBR"
        },
        "BFrames" : {
          "Presets" : [
            "0",
            "1",
            "2",
            "3",
            "4",
            "5",
            "6",
            "7",
            "8",
            "9",
            "10",
            "11",
            "12",
            "13",
            "14",
            "15",
            "16"
          ],
          "Value" : "0",
          "Editable" : false
        },
        "GOP" : 250,
        "FrameRate" : {
          "Presets" : [
            "keep original",
            "15",
            "23.976",
            "24",
            "25",
            "29.97",
            "30",
            "50",
            "59.94",
            "60"
          ],
          "Value" : "23.976",
          "Editable" : 0
        },
        "Limit" : {
          "MaxWidth" : -1,
          "MaxFrameRate" : -1,
          "MaxHeight" : -1,
          "MaxBitRate" : -1,
          "AllowBFrames" : -1,
          "AllowPassthrough" : 1
        },
        "Resolution" : {
          "Presets" : [
            "keep original",
            "960x640",
            "1280x720",
            "1280x800",
            "1920x1080",
            "1920x1200"
          ],
          "Modified" : false,
          "Value" : "keep original",
          "Editable" : 1
        },
        "Codec" : "mpeg2"
      }
    ]
  },
  "ID" : 1000178,
  "Target" : "",
  "Comment" : "",
  "Summary" : {
    "Titles" : {
      "fr" : "Vidéo MPEG HD (MPEG2)",
      "ko" : "MPEG HD 비디오 (MPEG2)",
      "zh-hant" : "MPEG HD 影片 (MPEG2)",
      "de" : "MPEG HD Video (MPEG2)",
      "it" : "MPEG HD video (MPEG2)",
      "pt-pt" : "Vídeo de MPEG HD (MPEG2)",
      "es" : "Vídeo de MPEG HD (MPEG2)",
      "en" : "MPEG HD Video (MPEG2)",
      "zh-hans" : "MPEG HD 视频 (MPEG2)",
      "ja" : "MPEG HD動画 (MPEG2)"
    },
    "ShortTitles" : {
      "fr" : "MPG",
      "ko" : "MPG",
      "zh-hant" : "MPG",
      "de" : "MPG",
      "zh-hans" : "MPG",
      "it" : "MPG",
      "pt-pt" : "MPG",
      "en" : "MPG",
      "es" : "MPG",
      "ja" : "MPG"
    },
    "AudioCodec" : "MP2",
    "Descriptions" : {
      "fr" : "Format vidéo HD MPEG-2 PS",
      "ko" : "MPEG-2 PS HDTV",
      "zh-hant" : "MPEG-2 PS高畫質影片",
      "de" : "MPEG-2 Program Stream HD Videoformat",
      "it" : "Video HD di MPEG-2 PS",
      "pt-pt" : "Vídeo HD de MPEG-2 PS",
      "es" : "Video HD para MPEG-2 PS",
      "en" : "MPEG-2 program stream HD video format",
      "zh-hans" : "MPEG-2 PS高清视频",
      "ja" : "HD動画用MPEG-2 PS形式"
    },
    "Recommend" : false,
    "KeyWords" : "",
    "VideoCodec" : "MPEG2",
    "Resolution" : ""
  },
  "Audio" : {
    "TrackNumLimit" : 1,
    "DefaultCodec" : "mp2",
    "CodecsPassthru" : [
      "mp2"
    ],
    "Codecs" : [
      {
        "Bitrate" : {
          "Presets" : [
            "56",
            "64",
            "80",
            "96",
            "128",
            "160",
            "192",
            "224",
            "256",
            "320",
            "384"
          ],
          "Value" : "128",
          "Editable" : "0"
        },
        "SampleRate" : {
          "Presets" : [
            "16000",
            "22050",
            "32000",
            "44100",
            "48000"
          ],
          "Value" : "44100",
          "Editable" : "0"
        },
        "Channel" : {
          "Presets" : [
            "2"
          ],
          "Value" : "2",
          "Editable" : "0"
        },
        "Codec" : "mp2"
      }
    ]
  },
  "Type" : "GenericVideo",
  "PadForce" : false,
  "PadValue" : false,
  "CustomProfile" : 0,
  "Subtitle" : {
    "TrackNumLimit" : 0,
    "AllowImageSubTrack" : false,
    "BurnedInDefault" : true
  }
}