{
  "Extension" : "mkv",
  "Quality" : 3,
  "ToDevice" : [
    "iTunes"
  ],
  "Video" : {
    "TrackNumLimit" : 3,
    "DefaultCodec" : "h.264",
    "Codecs" : [
      {
        "Aspect" : {
          "Presets" : [
            "keep original",
            "16:10",
            "16:9",
            "4:3",
            "3:2",
            "5:4",
            "5:3",
            "1:1",
            "2.21:1",
            "2.35:1",
            "2.39:1"
          ],
          "Value" : "keep original",
          "Editable" : 0
        },
        "Resolution" : {
          "Presets" : [
            "keep original",
            "960x640",
            "1280x720",
            "1280x800",
            "1920x1080",
            "1920x1200"
          ],
          "Modified" : false,
          "Value" : "keep original",
          "Editable" : 1
        },
        "Bitrate" : {
          "Presets" : [
            "Auto Calculate",
            "Manual"
          ],
          "2PassEncode" : false,
          "Value" : "Auto Calculate",
          "Editable" : false,
          "Mode" : "CBR"
        },
        "BFrames" : {
          "Presets" : [
            "0",
            "1",
            "2",
            "3",
            "4",
            "5",
            "6",
            "7",
            "8",
            "9",
            "10",
            "11",
            "12",
            "13",
            "14",
            "15",
            "16"
          ],
          "Value" : "0",
          "Editable" : false
        },
        "GOP" : 250,
        "Codec" : "h.264",
        "ProfileLevel" : {
          "Presets" : [
            "baseline",
            "main",
            "high"
          ],
          "Value" : "main",
          "Editable" : false,
          "Level" : "4.2"
        },
        "Limit" : {
          "MaxWidth" : -1,
          "MaxFrameRate" : -1,
          "MaxHeight" : -1,
          "MaxBitRate" : -1,
          "AllowBFrames" : -1,
          "AllowPassthrough" : 1
        },
        "FrameRate" : {
          "Presets" : [
            "keep original",
            "15",
            "23.976",
            "24",
            "25",
            "29.97",
            "30",
            "50",
            "59.94",
            "60"
          ],
          "Value" : "keep original",
          "Editable" : 0
        }
      }
    ]
  },
  "ID" : 1000220,
  "Target" : "MKV",
  "Comment" : "",
  "Summary" : {
    "Titles" : {
      "fr" : "Vidéo MKV HD (H264)",
      "ko" : "MKV HD 비디오 (H264)",
      "zh-hant" : "MKV HD 影片 (H264)",
      "de" : "MKV HD Video (H264)",
      "it" : "MKV HD video (H264)",
      "pt-pt" : "Vídeo de MKV HD (H264)",
      "es" : "Vídeo de MKV HD (H264)",
      "en" : "MKV HD Video (H264)",
      "zh-hans" : "MKV HD 视频 (H264)",
      "ja" : "MKV HD動画 (H264)"
    },
    "ShortTitles" : {
      "fr" : "MKV",
      "ko" : "MKV",
      "zh-hant" : "MKV",
      "de" : "MKV",
      "zh-hans" : "MKV",
      "it" : "MKV",
      "pt-pt" : "MKV",
      "en" : "MKV",
      "es" : "MKV",
      "ja" : "MKV"
    },
    "AudioCodec" : "AAC",
    "Descriptions" : {
      "fr" : "Format vidéo HD MKV",
      "ko" : "MKV HDTV",
      "zh-hant" : "MKV高畫質影片",
      "de" : "Matroska Videoformat für Video in hoher Qualität",
      "it" : "Video HD di MKV",
      "pt-pt" : "Vídeo HD de MKV",
      "es" : "Video HD de MKV",
      "en" : "Matroska video format for high quality video",
      "zh-hans" : "MKV高清视频",
      "ja" : "HD動画用MKV形式"
    },
    "Recommend" : false,
    "KeyWords" : "",
    "VideoCodec" : "H264",
    "Resolution" : ""
  },
  "Audio" : {
    "TrackNumLimit" : 16,
    "DefaultCodec" : "aac",
    "CodecsPassthru" : [
      "aac"
    ],
    "Codecs" : [
      {
        "Bitrate" : {
          "Presets" : [
            "56",
            "64",
            "80",
            "96",
            "128",
            "160",
            "192",
            "224",
            "256",
            "320",
            "384",
            "448"
          ],
          "Value" : "128",
          "Editable" : "0"
        },
        "SampleRate" : {
          "Presets" : [
            "16000",
            "22050",
            "32000",
            "44100",
            "48000"
          ],
          "Value" : "44100",
          "Editable" : "0"
        },
        "Channel" : {
          "Presets" : [
            "2",
            "4",
            "6"
          ],
          "Value" : "2",
          "Editable" : "0"
        },
        "Codec" : "aac"
      }
    ]
  },
  "Type" : "GenericVideo",
  "PadForce" : false,
  "PadValue" : false,
  "CustomProfile" : 0,
  "Subtitle" : {
    "TrackNumLimit" : 16,
    "AllowImageSubTrack" : true,
    "BurnedInDefault" : false
  }
}