{
  "Extension" : "mp4",
  "Quality" : 3,
  "ToDevice" : [
    "iTunes"
  ],
  "Video" : {
    "TrackNumLimit" : 1,
    "Codecs" : [
      {
        "Aspect" : {
          "Presets" : [
            "keep original",
            "16:10",
            "16:9",
            "4:3",
            "3:2",
            "5:4",
            "5:3",
            "1:1",
            "2.21:1",
            "2.35:1",
            "2.39:1"
          ],
          "Value" : "keep original",
          "Editable" : 0
        },
        "FrameRate" : {
          "Presets" : [
            "keep original",
            "15",
            "23.976",
            "24",
            "25",
            "29.97",
            "30",
            "50",
            "59.94",
            "60"
          ],
          "Value" : "23.976",
          "Editable" : 0
        },
        "Bitrate" : {
          "Presets" : [
            "Auto Calculate",
            "Manual"
          ],
          "2PassEncode" : false,
          "Value" : "Auto Calculate",
          "Editable" : false,
          "Mode" : "CBR"
        },
        "BFrames" : {
          "Presets" : [
            "0",
            "1",
            "2",
            "3",
            "4",
            "5",
            "6",
            "7",
            "8",
            "9",
            "10",
            "11",
            "12",
            "13",
            "14",
            "15",
            "16"
          ],
          "Value" : "0",
          "Editable" : false
        },
        "GOP" : 250,
        "Codec" : "h.264",
        "ProfileLevel" : {
          "Presets" : [
            "baseline",
            "main",
            "high"
          ],
          "Value" : "main",
          "Editable" : false,
          "Level" : "4.2"
        },
        "Resolution" : {
          "Presets" : [
            "keep original",
            "640x480",
            "720x480",
            "1280x720",
            "1280x800"
          ],
          "Modified" : false,
          "Value" : "keep original",
          "Editable" : 0
        },
        "Limit" : {
          "MaxWidth" : 3840,
          "MaxFrameRate" : 60,
          "MaxHeight" : 2160,
          "MaxBitRate" : 10000,
          "AllowBFrames" : 1,
          "AllowPassthrough" : 1
        }
      }
    ],
    "DefaultCodec" : "h.264"
  },
  "ID" : 1000043,
  "Target" : "MoDe_AndroidP_MP4",
  "Comment" : "",
  "Summary" : {
    "Titles" : {
      "fr" : "Vidéo Tablette Android (H264)",
      "ko" : "Android 태블릿 통용 비디오 (H264)",
      "zh-hant" : "Android平板通用影片 (H264)",
      "de" : "Android Pad allgemeines Video (H264)",
      "it" : "Android Pad video comune (H264)",
      "pt-pt" : "Vídeo general de pad de Android (H264)",
      "es" : "Vídeo genérico de Android Pad (H264)",
      "en" : "General Android Pad Video (H264)",
      "zh-hans" : "Android平板通用视频 (H264)",
      "ja" : "通常Android Pad動画 (H264)"
    },
    "ShortTitles" : {
      "fr" : "MP4",
      "ko" : "MP4",
      "zh-hant" : "MP4",
      "de" : "MP4",
      "zh-hans" : "MP4",
      "it" : "MP4",
      "pt-pt" : "MP4",
      "en" : "MP4",
      "es" : "MP4",
      "ja" : "MP4"
    },
    "AudioCodec" : "AAC",
    "Descriptions" : {
      "fr" : "Format MP4 pour toutes les tablettes Android",
      "ko" : "모든 Android태블릿에 적용되는 MP4비디오",
      "zh-hant" : "適用於所有Android平板的MP4影片",
      "de" : "MP4 Format für allgemeines Android pad video",
      "it" : "Video MP4 adatto per tutti Android tablet",
      "pt-pt" : "Formato MP4 para todos os pads de Android",
      "es" : "MP4 Video para todos los Android tablet",
      "en" : "MP4 format for general Android pad video",
      "zh-hans" : "适用于所有Android平板的MP4视频",
      "ja" : "通常AndroidPad動画用MP4形式"
    },
    "Recommend" : false,
    "KeyWords" : "",
    "VideoCodec" : "H264",
    "Resolution" : ""
  },
  "Audio" : {
    "TrackNumLimit" : 1,
    "CodecsPassthru" : [
      "aac"
    ],
    "DefaultCodec" : "aac",
    "Codecs" : [
      {
        "Bitrate" : {
          "Presets" : [
            "96"
          ],
          "Value" : "96",
          "Editable" : "0"
        },
        "SampleRate" : {
          "Presets" : [
            "22050",
            "32000",
            "44100",
            "48000"
          ],
          "Value" : "44100",
          "Editable" : "0"
        },
        "Channel" : {
          "Presets" : [
            "2"
          ],
          "Value" : "2",
          "Editable" : "0"
        },
        "Codec" : "aac"
      }
    ]
  },
  "Type" : "MobileVideo",
  "PadForce" : false,
  "PadValue" : false,
  "CustomProfile" : 0,
  "Subtitle" : {
    "TrackNumLimit" : 1,
    "AllowImageSubTrack" : false,
    "BurnedInDefault" : true
  }
}