{
  "Extension" : "wmv",
  "Quality" : 3,
  "ToDevice" : [

  ],
  "Video" : {
    "TrackNumLimit" : 1,
    "Codecs" : [
      {
        "Aspect" : {
          "Presets" : [
            "keep original",
            "16:10",
            "16:9",
            "4:3",
            "3:2",
            "5:4",
            "5:3",
            "1:1",
            "2.21:1",
            "2.35:1",
            "2.39:1"
          ],
          "Value" : "keep original",
          "Editable" : 0
        },
        "Bitrate" : {
          "Presets" : [
            "Auto Calculate",
            "Manual"
          ],
          "2PassEncode" : false,
          "Value" : "Auto Calculate",
          "Editable" : false,
          "Mode" : "CBR"
        },
        "BFrames" : {
          "Presets" : [
            "0",
            "1",
            "2",
            "3",
            "4",
            "5",
            "6",
            "7",
            "8",
            "9",
            "10",
            "11",
            "12",
            "13",
            "14",
            "15",
            "16"
          ],
          "Value" : "0",
          "Editable" : false
        },
        "GOP" : 250,
        "FrameRate" : {
          "Presets" : [
            "keep original",
            "15",
            "23.976",
            "24",
            "25",
            "29.97",
            "30",
            "50",
            "59.94",
            "60"
          ],
          "Value" : "29.97",
          "Editable" : 0
        },
        "Limit" : {
          "MaxWidth" : -1,
          "MaxFrameRate" : -1,
          "MaxHeight" : -1,
          "MaxBitRate" : -1,
          "AllowBFrames" : -1,
          "AllowPassthrough" : 1
        },
        "Resolution" : {
          "Presets" : [
            "keep original",
            "640x480",
            "720x480",
            "1280x720",
            "1920x1080"
          ],
          "Modified" : false,
          "Value" : "720x480",
          "Editable" : 0
        },
        "Codec" : "wmv2"
      }
    ],
    "DefaultCodec" : "wmv2"
  },
  "ID" : 1000089,
  "Target" : "MoDe_Microsoft_WMV",
  "Comment" : "",
  "Summary" : {
    "Titles" : {
      "fr" : "Video Tablette WP8 (WMV2)",
      "ko" : "WP8태블릿 통용 비디오(WMV2)",
      "zh-hant" : "WP8平板通用影片 (WMV2)",
      "de" : "WP8 Pad allgemeines Video(WMV2)",
      "it" : "WP8 Tablet  video comune (WMV2)",
      "pt-pt" : "Vídeo general de pad de WP8(WMV2)",
      "es" : "Vídeo genérico de WP8 Pad (WMV2)",
      "en" : "General WP8 Pad Video (WMV2)",
      "zh-hans" : "WP8平板通用视频(WMV2)",
      "ja" : "通常WP8 Pad動画(WMV2)"
    },
    "ShortTitles" : {
      "fr" : "WMV",
      "ko" : "WMV",
      "zh-hant" : "WMV",
      "de" : "WMV",
      "zh-hans" : "WMV",
      "it" : "WMV",
      "pt-pt" : "WMV",
      "en" : "WMV",
      "es" : "WMV",
      "ja" : "WMV"
    },
    "AudioCodec" : "WMAV2",
    "Descriptions" : {
      "fr" : "Format WMV pour toutes les tablettes WP8",
      "ko" : "모든 WP8태블릿에 적용되는 WMV비디오",
      "zh-hant" : "適用於所有WP8平板的WMV影片",
      "de" : "WMV Format für allgemeines WP8 Pad Video",
      "it" : "Video WMV adatto per tutti i WP8 Tablet",
      "pt-pt" : "Formato WMV para todos os pads de WP8",
      "es" : "WMV video para todos los WP8 pad",
      "en" : "WMV format for General WP8 Pad Video",
      "zh-hans" : "适用于所有WP8平板的WMV视频",
      "ja" : "通常WP8 Pad動画用WMV形式"
    },
    "Recommend" : false,
    "KeyWords" : "",
    "VideoCodec" : "WMV2",
    "Resolution" : ""
  },
  "Audio" : {
    "TrackNumLimit" : 1,
    "CodecsPassthru" : [
      "wmav2"
    ],
    "DefaultCodec" : "wmav2",
    "Codecs" : [
      {
        "Bitrate" : {
          "Presets" : [
            "96",
            "128"
          ],
          "Value" : "128",
          "Editable" : "0"
        },
        "SampleRate" : {
          "Presets" : [
            "22050",
            "32000",
            "44100",
            "48000"
          ],
          "Value" : "44100",
          "Editable" : "0"
        },
        "Channel" : {
          "Presets" : [
            "2"
          ],
          "Value" : "2",
          "Editable" : "0"
        },
        "Codec" : "wmav2"
      }
    ]
  },
  "Type" : "GenericVideo",
  "PadForce" : false,
  "PadValue" : false,
  "CustomProfile" : 0,
  "Subtitle" : {
    "TrackNumLimit" : 0,
    "AllowImageSubTrack" : false,
    "BurnedInDefault" : true
  }
}