{
  "Extension" : "mp4",
  "Quality" : 3,
  "ToDevice" : [
    "iTunes"
  ],
  "Video" : {
    "TrackNumLimit" : 1,
    "Codecs" : [
      {
        "Aspect" : {
          "Presets" : [
            "keep original",
            "16:10",
            "16:9",
            "4:3",
            "3:2",
            "5:4",
            "5:3",
            "1:1",
            "2.21:1",
            "2.35:1",
            "2.39:1"
          ],
          "Value" : "keep original",
          "Editable" : 0
        },
        "Bitrate" : {
          "Presets" : [
            "Auto Calculate",
            "Manual"
          ],
          "2PassEncode" : false,
          "Value" : "Auto Calculate",
          "Editable" : false,
          "Mode" : "CBR"
        },
        "BFrames" : {
          "Presets" : [
            "0",
            "1",
            "2",
            "3",
            "4",
            "5",
            "6",
            "7",
            "8",
            "9",
            "10",
            "11",
            "12",
            "13",
            "14",
            "15",
            "16"
          ],
          "Value" : "0",
          "Editable" : false
        },
        "GOP" : 250,
        "FrameRate" : {
          "Presets" : [
            "keep original",
            "15",
            "23.976",
            "24",
            "25",
            "29.97",
            "30",
            "50",
            "59.94",
            "60"
          ],
          "Value" : "23.976",
          "Editable" : 0
        },
        "Limit" : {
          "MaxWidth" : 3840,
          "MaxFrameRate" : 60,
          "MaxHeight" : 2160,
          "MaxBitRate" : 10000,
          "AllowBFrames" : 1,
          "AllowPassthrough" : 1
        },
        "Resolution" : {
          "Presets" : [
            "keep original",
            "320x240",
            "480x320",
            "640x480",
            "720x480",
            "800x480",
            "1280x720",
            "1920x1080"
          ],
          "Modified" : false,
          "Value" : "1280x720",
          "Editable" : 0
        },
        "Codec" : "h.264"
      }
    ],
    "DefaultCodec" : "h.264"
  },
  "ID" : 1000021,
  "Target" : "MoDe_AndroidP_MP4",
  "Comment" : "",
  "Summary" : {
    "Titles" : {
      "fr" : "Vidéo Tablette Acer",
      "ko" : "에이서 태블릿 통용 비디오",
      "zh-hant" : "Acer平板通用影片格式",
      "de" : "Acer Pad allgemeines Video",
      "it" : "Acer Tablet video comune",
      "pt-pt" : "Vídeo general de pad de ACER",
      "es" : "Vídeo genérico de Acer Pad",
      "en" : "General Acer Pad Video",
      "zh-hans" : "Acer平板通用视频",
      "ja" : "通常Acer Pad動画"
    },
    "ShortTitles" : {
      "fr" : "MP4",
      "ko" : "MP4",
      "zh-hant" : "MP4",
      "de" : "MP4",
      "zh-hans" : "MP4",
      "it" : "MP4",
      "pt-pt" : "MP4",
      "en" : "MP4",
      "es" : "MP4",
      "ja" : "MP4"
    },
    "AudioCodec" : "AAC",
    "Descriptions" : {
      "fr" : "Format MP4 général pour Acer tablette",
      "ko" : "에이서 태블릿 통용 MP4비디오",
      "zh-hant" : "Acer平板通用MP4影片",
      "de" : "MP4 Format für allgemeines Acer pad video",
      "it" : "Video MP4 comune per Acer tablet",
      "pt-pt" : "Formato MP4 para pad general de Acer",
      "es" : "MP4 Video genérico para Acer tabletas",
      "en" : "MP4 format for general Acer pad video",
      "zh-hans" : "Acer平板通用MP4视频",
      "ja" : "通常Acerpad 動画用MP4形式"
    },
    "Recommend" : false,
    "KeyWords" : "",
    "VideoCodec" : "H264",
    "Resolution" : ""
  },
  "Audio" : {
    "TrackNumLimit" : 1,
    "CodecsPassthru" : [
      "aac"
    ],
    "DefaultCodec" : "aac",
    "Codecs" : [
      {
        "Bitrate" : {
          "Presets" : [
            "96",
            "128",
            "160"
          ],
          "Value" : "128",
          "Editable" : "0"
        },
        "SampleRate" : {
          "Presets" : [
            "22050",
            "32000",
            "44100",
            "48000"
          ],
          "Value" : "44100",
          "Editable" : "0"
        },
        "Channel" : {
          "Presets" : [
            "2"
          ],
          "Value" : "2",
          "Editable" : "0"
        },
        "Codec" : "aac"
      }
    ]
  },
  "Type" : "MobileVideo",
  "PadForce" : false,
  "PadValue" : false,
  "CustomProfile" : 0,
  "Subtitle" : {
    "TrackNumLimit" : 1,
    "AllowImageSubTrack" : false,
    "BurnedInDefault" : true
  }
}