{
  "Extension" : "wmv",
  "Quality" : 3,
  "ToDevice" : [

  ],
  "Video" : {
    "TrackNumLimit" : 1,
    "Codecs" : [
      {
        "Aspect" : {
          "Presets" : [
            "keep original",
            "16:10",
            "16:9",
            "4:3",
            "3:2",
            "5:4",
            "5:3",
            "1:1",
            "2.21:1",
            "2.35:1",
            "2.39:1"
          ],
          "Value" : "keep original",
          "Editable" : 0
        },
        "Bitrate" : {
          "Presets" : [
            "Auto Calculate",
            "Manual"
          ],
          "2PassEncode" : false,
          "Value" : "Auto Calculate",
          "Editable" : false,
          "Mode" : "CBR"
        },
        "BFrames" : {
          "Presets" : [
            "0",
            "1",
            "2",
            "3",
            "4",
            "5",
            "6",
            "7",
            "8",
            "9",
            "10",
            "11",
            "12",
            "13",
            "14",
            "15",
            "16"
          ],
          "Value" : "0",
          "Editable" : false
        },
        "GOP" : 250,
        "FrameRate" : {
          "Presets" : [
            "keep original",
            "15",
            "23.976",
            "24",
            "25",
            "29.97",
            "30",
            "50",
            "59.94",
            "60"
          ],
          "Value" : "24",
          "Editable" : 0
        },
        "Limit" : {
          "MaxWidth" : 1920,
          "MaxFrameRate" : -1,
          "MaxHeight" : 1080,
          "MaxBitRate" : -1,
          "AllowBFrames" : -1,
          "AllowPassthrough" : 1
        },
        "Resolution" : {
          "Presets" : [
            "keep original",
            "640x480",
            "720x480",
            "1280x720",
            "1920x1080"
          ],
          "Modified" : false,
          "Value" : "keep original",
          "Editable" : 0
        },
        "Codec" : "wmv2"
      }
    ],
    "DefaultCodec" : "wmv2"
  },
  "ID" : 1000037,
  "Target" : "MoDe_Microsoft_WMV",
  "Comment" : "",
  "Summary" : {
    "Titles" : {
      "fr" : "Microsoft Surface Vidéo",
      "ko" : "마이크로소프트 Surface Video",
      "zh-hant" : "Microsoft Surface Video",
      "de" : "Microsoft Surface Video",
      "it" : "Microsoft Surface Video",
      "pt-pt" : "Microsoft Surface Video",
      "es" : "Microsoft Surface Vídeo",
      "en" : "Microsoft Surface Video",
      "zh-hans" : "Microsoft Surface Video",
      "ja" : "Microsoft Surface Video"
    },
    "ShortTitles" : {
      "fr" : "Surface",
      "ko" : "Surface",
      "zh-hant" : "Surface",
      "de" : "Surface",
      "zh-hans" : "Surface",
      "it" : "Surface",
      "pt-pt" : "Surface",
      "en" : "Surface",
      "es" : "Surface",
      "ja" : "Surface"
    },
    "AudioCodec" : "WMAV2",
    "Descriptions" : {
      "fr" : "Format WMV pour Microsoft Surface Pro, Laptop, Book, Studio",
      "ko" : "마이크로소프트 Surface Pro, Laptop, Book, Studio 에 적용되는 WMV비디오",
      "zh-hant" : "適用於Microsoft Surface Pro, Laptop, Book, Studio的WMV影片",
      "de" : "WMV Format für Microsoft Surface Pro, Laptop, Book, Studio",
      "it" : "Video WMV adatto per Microsoft Surface Pro, Laptop, Book, Studio",
      "pt-pt" : "Formato WMV para Microsoft Surface Pro, Laptop, Book, Studio",
      "es" : "Vídeo WMV para Surface Pro, Laptop, Book, Studio de Microsoft",
      "en" : "WMV format for Microsoft Surface Pro, Laptop, Book, Studio",
      "zh-hans" : "适用于Microsoft Surface Pro, Laptop, Book, Studio的WMV视频",
      "ja" : "Microsoft Surface Pro, Laptop, Book, Studio用WMV形式"
    },
    "Recommend" : false,
    "KeyWords" : "",
    "VideoCodec" : "WMV2",
    "Resolution" : ""
  },
  "Audio" : {
    "TrackNumLimit" : 1,
    "CodecsPassthru" : [
      "wmav2"
    ],
    "DefaultCodec" : "wmav2",
    "Codecs" : [
      {
        "Bitrate" : {
          "Presets" : [
            "96",
            "128"
          ],
          "Value" : "128",
          "Editable" : "0"
        },
        "SampleRate" : {
          "Presets" : [
            "22050",
            "32000",
            "44100",
            "48000"
          ],
          "Value" : "44100",
          "Editable" : "0"
        },
        "Channel" : {
          "Presets" : [
            "2"
          ],
          "Value" : "2",
          "Editable" : "0"
        },
        "Codec" : "wmav2"
      }
    ]
  },
  "Type" : "GenericVideo",
  "PadForce" : false,
  "PadValue" : false,
  "CustomProfile" : 0,
  "Subtitle" : {
    "TrackNumLimit" : 0,
    "AllowImageSubTrack" : false,
    "BurnedInDefault" : true
  }
}