{
  "Extension" : "mp4",
  "Quality" : 3,
  "ToDevice" : [
    "iTunes"
  ],
  "Video" : {
    "TrackNumLimit" : 1,
    "Codecs" : [
      {
        "Aspect" : {
          "Presets" : [
            "keep original",
            "16:10",
            "16:9",
            "4:3",
            "3:2",
            "5:4",
            "5:3",
            "1:1",
            "2.21:1",
            "2.35:1",
            "2.39:1"
          ],
          "Value" : "keep original",
          "Editable" : 0
        },
        "Bitrate" : {
          "Presets" : [
            "Auto Calculate",
            "Manual"
          ],
          "2PassEncode" : false,
          "Value" : "Auto Calculate",
          "Editable" : false,
          "Mode" : "CBR"
        },
        "BFrames" : {
          "Presets" : [
            "0",
            "1",
            "2",
            "3",
            "4",
            "5",
            "6",
            "7",
            "8",
            "9",
            "10",
            "11",
            "12",
            "13",
            "14",
            "15",
            "16"
          ],
          "Value" : "0",
          "Editable" : false
        },
        "GOP" : 250,
        "FrameRate" : {
          "Presets" : [
            "keep original",
            "15",
            "23.976",
            "24",
            "25",
            "29.97",
            "30",
            "50",
            "59.94",
            "60"
          ],
          "Value" : "23.976",
          "Editable" : 0
        },
        "Limit" : {
          "MaxWidth" : 3840,
          "MaxFrameRate" : 60,
          "MaxHeight" : 2160,
          "MaxBitRate" : 10000,
          "AllowBFrames" : 1,
          "AllowPassthrough" : 1
        },
        "Resolution" : {
          "Presets" : [
            "320x240",
            "352x240",
            "480x272",
            "720x480"
          ],
          "Modified" : false,
          "Value" : "720x480",
          "Editable" : 0
        },
        "Codec" : "mpeg4"
      }
    ],
    "DefaultCodec" : "mpeg4"
  },
  "ID" : 1000072,
  "Target" : "MoDe_Sony_MP4",
  "Comment" : "",
  "Summary" : {
    "Titles" : {
      "fr" : "PSP (MPEG4)",
      "ko" : "PSP (MPEG4)",
      "zh-hant" : "PSP (MPEG4)",
      "de" : "PSP (MPEG4)",
      "it" : "PSP (MPEG4)",
      "pt-pt" : "PSP (MPEG4)",
      "es" : "PSP (MPEG4)",
      "en" : "PSP (MPEG4)",
      "zh-hans" : "PSP (MPEG4)",
      "ja" : "PSP (MPEG4)"
    },
    "ShortTitles" : {
      "fr" : "PSP",
      "ko" : "PSP",
      "zh-hant" : "PSP",
      "de" : "PSP",
      "zh-hans" : "PSP",
      "it" : "PSP",
      "pt-pt" : "PSP",
      "en" : "PSP",
      "es" : "PSP",
      "ja" : "PSP"
    },
    "AudioCodec" : "AAC",
    "Descriptions" : {
      "fr" : "Format MP4 pour Sony PSP",
      "ko" : "소니PSP에 적용되는 MP4비디오",
      "zh-hant" : "適用於Sony PSP的MP4影片",
      "de" : "MP4 Format für Sony PSP",
      "it" : "Video MP4 adatto per Sony PSP",
      "pt-pt" : "Formato MP4 para SONY PSP",
      "es" : "MP4 Video para Sony PSP",
      "en" : "MP4 format for Sony PSP",
      "zh-hans" : "适用于Sony PSP的MP4视频",
      "ja" : "Sony PSP用MP4形式"
    },
    "Recommend" : false,
    "KeyWords" : "",
    "VideoCodec" : "MPEG4",
    "Resolution" : ""
  },
  "Audio" : {
    "TrackNumLimit" : 1,
    "CodecsPassthru" : [
      "aac"
    ],
    "DefaultCodec" : "aac",
    "Codecs" : [
      {
        "Bitrate" : {
          "Presets" : [
            "16",
            "32",
            "48",
            "64",
            "96",
            "128"
          ],
          "Value" : "96",
          "Editable" : "0"
        },
        "SampleRate" : {
          "Presets" : [
            "48000"
          ],
          "Value" : "48000",
          "Editable" : "0"
        },
        "Channel" : {
          "Presets" : [
            "2"
          ],
          "Value" : "2",
          "Editable" : "0"
        },
        "Codec" : "aac"
      }
    ]
  },
  "Type" : "MobileVideo",
  "PadForce" : true,
  "PadValue" : true,
  "CustomProfile" : 0,
  "Subtitle" : {
    "TrackNumLimit" : 1,
    "AllowImageSubTrack" : false,
    "BurnedInDefault" : true
  }
}