{
  "Extension" : "avi",
  "Quality" : 3,
  "ToDevice" : [

  ],
  "Video" : {
    "TrackNumLimit" : 1,
    "Codecs" : [
      {
        "Aspect" : {
          "Presets" : [
            "keep original",
            "16:10",
            "16:9",
            "4:3",
            "3:2",
            "5:4",
            "5:3",
            "1:1",
            "2.21:1",
            "2.35:1",
            "2.39:1"
          ],
          "Value" : "keep original",
          "Editable" : 0
        },
        "Bitrate" : {
          "Presets" : [
            "Auto Calculate",
            "Manual"
          ],
          "2PassEncode" : false,
          "Value" : "Auto Calculate",
          "Editable" : false,
          "Mode" : "CBR"
        },
        "BFrames" : {
          "Presets" : [
            "0",
            "1",
            "2",
            "3",
            "4",
            "5",
            "6",
            "7",
            "8",
            "9",
            "10",
            "11",
            "12",
            "13",
            "14",
            "15",
            "16"
          ],
          "Value" : "0",
          "Editable" : false
        },
        "GOP" : 250,
        "FrameRate" : {
          "Presets" : [
            "keep original",
            "15",
            "23.976",
            "24",
            "25",
            "29.97",
            "30",
            "50",
            "59.94",
            "60"
          ],
          "Value" : "23.976",
          "Editable" : 0
        },
        "Limit" : {
          "MaxWidth" : -1,
          "MaxFrameRate" : -1,
          "MaxHeight" : -1,
          "MaxBitRate" : -1,
          "AllowBFrames" : -1,
          "AllowPassthrough" : 1
        },
        "Resolution" : {
          "Presets" : [
            "720x480",
            "720x576"
          ],
          "Modified" : false,
          "Value" : "720x480",
          "Editable" : 0
        },
        "Codec" : "Divx"
      },
      {
        "Aspect" : {
          "Presets" : [
            "keep original",
            "16:10",
            "16:9",
            "4:3",
            "3:2",
            "5:4",
            "5:3",
            "1:1",
            "2.21:1",
            "2.35:1",
            "2.39:1"
          ],
          "Value" : "keep original",
          "Editable" : 0
        },
        "Bitrate" : {
          "Presets" : [
            "Auto Calculate",
            "Manual"
          ],
          "2PassEncode" : false,
          "Value" : "Auto Calculate",
          "Editable" : false,
          "Mode" : "CBR"
        },
        "BFrames" : {
          "Presets" : [
            "0",
            "1",
            "2",
            "3",
            "4",
            "5",
            "6",
            "7",
            "8",
            "9",
            "10",
            "11",
            "12",
            "13",
            "14",
            "15",
            "16"
          ],
          "Value" : "0",
          "Editable" : false
        },
        "GOP" : 250,
        "Codec" : "Xvid",
        "Limit" : {
          "MaxWidth" : -1,
          "MaxFrameRate" : -1,
          "MaxHeight" : -1,
          "MaxBitRate" : -1,
          "AllowBFrames" : -1,
          "AllowPassthrough" : 1
        },
        "Resolution" : {
          "Presets" : [
            "720x480",
            "720x576"
          ],
          "Modified" : false,
          "Value" : "720x480",
          "Editable" : 0
        },
        "FrameRate" : {
          "Presets" : [
            "keep original",
            "15",
            "23.976",
            "24",
            "25",
            "29.97",
            "30",
            "50",
            "59.94",
            "60"
          ],
          "Value" : "23.976",
          "Editable" : 0
        }
      }
    ],
    "DefaultCodec" : "Divx"
  },
  "ID" : 1000007,
  "Target" : "MoDe_Sony_AVI",
  "Comment" : "",
  "Summary" : {
    "Titles" : {
      "fr" : "PlayStation 3 (AVI)",
      "ko" : "PlayStation 3 (AVI)",
      "zh-hant" : "PlayStation 3 (AVI)",
      "de" : "PlayStation 3 (AVI)",
      "it" : "PlayStation 3 (AVI)",
      "pt-pt" : "PlayStation 3 (AVI)",
      "es" : "PlayStation 3 (AVI)",
      "en" : "PlayStation 3 (AVI)",
      "zh-hans" : "PlayStation 3 (AVI)",
      "ja" : "PlayStation 3 (AVI)"
    },
    "ShortTitles" : {
      "fr" : "PS3",
      "ko" : "PS3",
      "zh-hant" : "PS3",
      "de" : "PS3",
      "zh-hans" : "PS3",
      "it" : "PS3",
      "pt-pt" : "PS3",
      "en" : "PS3",
      "es" : "PS3",
      "ja" : "PS3"
    },
    "AudioCodec" : "MP3",
    "Descriptions" : {
      "fr" : "Format AVI pour Sony PlayStation 3",
      "ko" : "소니 PlayStation 3 에 적용되는 AVI비디오",
      "zh-hant" : "適用於Sony PS 3的AVI影片",
      "de" : "AVI Format für Sony PlayStation 3",
      "it" : "Video AVI adatto per Sony PlayStation 3",
      "pt-pt" : "Formato AVI para SONY PlayStation 3",
      "es" : "AVI Video para Sony PlayStation 3",
      "en" : "AVI format for Sony PlayStation 3",
      "zh-hans" : "适用于Sony PS 3的AVI视频",
      "ja" : "Sony PS3用AVI形式"
    },
    "Recommend" : false,
    "KeyWords" : "",
    "VideoCodec" : "DIVX",
    "Resolution" : ""
  },
  "Audio" : {
    "TrackNumLimit" : 1,
    "CodecsPassthru" : [
      "mp3lame"
    ],
    "DefaultCodec" : "mp3",
    "Codecs" : [
      {
        "Bitrate" : {
          "Presets" : [
            "64",
            "80",
            "96",
            "112",
            "128",
            "160",
            "192"
          ],
          "Value" : "128",
          "Editable" : "0"
        },
        "SampleRate" : {
          "Presets" : [
            "8000",
            "16000",
            "22050",
            "32000",
            "44100",
            "48000"
          ],
          "Value" : "44100",
          "Editable" : "0"
        },
        "Channel" : {
          "Presets" : [
            "2"
          ],
          "Value" : "2",
          "Editable" : "0"
        },
        "Codec" : "mp3"
      }
    ]
  },
  "Type" : "GenericVideo",
  "PadForce" : true,
  "PadValue" : true,
  "CustomProfile" : 0,
  "Subtitle" : {
    "TrackNumLimit" : 0,
    "AllowImageSubTrack" : false,
    "BurnedInDefault" : true
  }
}