{
  "Extension" : "mpg",
  "Quality" : 3,
  "ToDevice" : [

  ],
  "Video" : {
    "TrackNumLimit" : 1,
    "Codecs" : [
      {
        "Aspect" : {
          "Presets" : [
            "keep original",
            "16:10",
            "16:9",
            "4:3",
            "3:2",
            "5:4",
            "5:3",
            "1:1",
            "2.21:1",
            "2.35:1",
            "2.39:1"
          ],
          "Value" : "keep original",
          "Editable" : 0
        },
        "Bitrate" : {
          "Presets" : [
            "Auto Calculate",
            "Manual"
          ],
          "2PassEncode" : false,
          "Value" : "Auto Calculate",
          "Editable" : false,
          "Mode" : "CBR"
        },
        "BFrames" : {
          "Presets" : [
            "0",
            "1",
            "2",
            "3",
            "4",
            "5",
            "6",
            "7",
            "8",
            "9",
            "10",
            "11",
            "12",
            "13",
            "14",
            "15",
            "16"
          ],
          "Value" : "0",
          "Editable" : false
        },
        "GOP" : 250,
        "FrameRate" : {
          "Presets" : [
            "keep original",
            "15",
            "23.976",
            "24",
            "25",
            "29.97",
            "30",
            "50",
            "59.94",
            "60"
          ],
          "Value" : "23.976",
          "Editable" : 0
        },
        "Limit" : {
          "MaxWidth" : 3840,
          "MaxFrameRate" : 60,
          "MaxHeight" : 2160,
          "MaxBitRate" : 10000,
          "AllowBFrames" : 1,
          "AllowPassthrough" : 1
        },
        "Resolution" : {
          "Presets" : [
            "720x480",
            "720x576"
          ],
          "Modified" : false,
          "Value" : "720x480",
          "Editable" : 0
        },
        "Codec" : "mpeg2"
      }
    ],
    "DefaultCodec" : "mpeg2"
  },
  "ID" : 1000103,
  "Target" : "MoDe_Sony_MPG",
  "Comment" : "",
  "Summary" : {
    "Titles" : {
      "fr" : "PlayStation 3 (MPEG2)",
      "ko" : "PlayStation 3 (MPEG2)",
      "zh-hant" : "PlayStation 3 (MPEG2)",
      "de" : "PlayStation 3 (MPEG2)",
      "it" : "PlayStation 3 (MPEG2)",
      "pt-pt" : "PlayStation 3 (MPEG2)",
      "es" : "PlayStation 3 (MPEG2)",
      "en" : "PlayStation 3 (MPEG2)",
      "zh-hans" : "PlayStation 3 (MPEG2)",
      "ja" : "PlayStation 3 (MPEG2)"
    },
    "ShortTitles" : {
      "fr" : "PS3",
      "ko" : "PS3",
      "zh-hant" : "PS3",
      "de" : "PS3",
      "zh-hans" : "PS3",
      "it" : "PS3",
      "pt-pt" : "PS3",
      "en" : "PS3",
      "es" : "PS3",
      "ja" : "PS3"
    },
    "AudioCodec" : "MP2",
    "Descriptions" : {
      "fr" : "Format MPEG pour Sony PlayStation 3",
      "ko" : "소니 PlayStation 3 에 적용되는 MPEG비디오",
      "zh-hant" : "適用於Sony PS 3的MPEG影片",
      "de" : "MPEG Format für Sony PlayStation 3",
      "it" : "Video MPEG adatto per Sony PlayStation 3",
      "pt-pt" : "Formato MPEG para SONY PlayStation 3",
      "es" : "Vídeo MPEG Para Sony PlayStation 3",
      "en" : "MPEG format for Sony PlayStation 3",
      "zh-hans" : "适用于Sony PlayStation 3的MPEG视频",
      "ja" : "Sony PlayStation 3用MPEG形式"
    },
    "Recommend" : false,
    "KeyWords" : "",
    "VideoCodec" : "MPEG2",
    "Resolution" : ""
  },
  "Audio" : {
    "TrackNumLimit" : 1,
    "CodecsPassthru" : [
      "mp2"
    ],
    "DefaultCodec" : "mp2",
    "Codecs" : [
      {
        "Bitrate" : {
          "Presets" : [
            "64",
            "80",
            "96",
            "112",
            "128",
            "160",
            "192"
          ],
          "Value" : "128",
          "Editable" : "0"
        },
        "SampleRate" : {
          "Presets" : [
            "8000",
            "16000",
            "22050",
            "32000",
            "44100",
            "48000"
          ],
          "Value" : "44100",
          "Editable" : "0"
        },
        "Channel" : {
          "Presets" : [
            "2"
          ],
          "Value" : "2",
          "Editable" : "0"
        },
        "Codec" : "mp2"
      }
    ]
  },
  "Type" : "MobileVideo",
  "PadForce" : true,
  "PadValue" : true,
  "CustomProfile" : 0,
  "Subtitle" : {
    "TrackNumLimit" : 0,
    "AllowImageSubTrack" : false,
    "BurnedInDefault" : true
  }
}