{
  "Extension" : "mp4",
  "Quality" : 3,
  "ToDevice" : [
    "iTunes"
  ],
  "Video" : {
    "TrackNumLimit" : 1,
    "DefaultCodec" : "h.264",
    "Codecs" : [
      {
        "Aspect" : {
          "Presets" : [
            "keep original",
            "16:10",
            "16:9",
            "4:3",
            "3:2",
            "5:4",
            "5:3",
            "1:1",
            "2.21:1",
            "2.35:1",
            "2.39:1"
          ],
          "Value" : "keep original",
          "Editable" : 0
        },
        "Resolution" : {
          "Presets" : [
            "keep original",
            "480x320",
            "640x360",
            "640x480",
            "960x640",
            "1280x720"
          ],
          "Modified" : false,
          "Value" : "keep original",
          "Editable" : 1
        },
        "Bitrate" : {
          "Presets" : [
            "Auto Calculate",
            "Manual"
          ],
          "2PassEncode" : false,
          "Value" : "Auto Calculate",
          "Editable" : false,
          "Mode" : "CBR"
        },
        "BFrames" : {
          "Presets" : [
            "0",
            "1",
            "2",
            "3",
            "4",
            "5",
            "6",
            "7",
            "8",
            "9",
            "10",
            "11",
            "12",
            "13",
            "14",
            "15",
            "16"
          ],
          "Value" : "0",
          "Editable" : false
        },
        "GOP" : 250,
        "Codec" : "h.264",
        "ProfileLevel" : {
          "Presets" : [
            "baseline",
            "main",
            "high"
          ],
          "Value" : "main",
          "Editable" : false,
          "Level" : "4.2"
        },
        "Limit" : {
          "MaxWidth" : -1,
          "MaxFrameRate" : -1,
          "MaxHeight" : -1,
          "MaxBitRate" : -1,
          "AllowBFrames" : -1,
          "AllowPassthrough" : 1
        },
        "FrameRate" : {
          "Presets" : [
            "keep original",
            "15",
            "23.976",
            "24",
            "25",
            "29.97",
            "30",
            "50",
            "59.94",
            "60"
          ],
          "Value" : "30",
          "Editable" : 0
        }
      }
    ]
  },
  "ID" : 1000095,
  "Target" : "MP4",
  "Comment" : "",
  "Summary" : {
    "Titles" : {
      "fr" : "Vimeo (H264)",
      "ko" : "Vimeo (H264)",
      "zh-hant" : "Vimeo (H264)",
      "de" : "Vimeo (H264)",
      "it" : "Vimeo (H264)",
      "pt-pt" : "Vimeo (H264)",
      "es" : "Vimeo (H264)",
      "en" : "Vimeo (H264)",
      "zh-hans" : "Vimeo (H264)",
      "ja" : "Vimeo (H264)"
    },
    "ShortTitles" : {
      "fr" : "MP4",
      "ko" : "MP4",
      "zh-hant" : "MP4",
      "de" : "MP4",
      "zh-hans" : "MP4",
      "it" : "MP4",
      "pt-pt" : "MP4",
      "en" : "MP4",
      "es" : "MP4",
      "ja" : "MP4"
    },
    "AudioCodec" : "AAC",
    "Descriptions" : {
      "fr" : "Format MP4 pour Vimeo",
      "ko" : "Vimeo에 적용되는 MP4비디오",
      "zh-hant" : "適用於Vimeo的MP4影片",
      "de" : "MP4 Video für Vimeo",
      "it" : "Video MP4 adatto per Vimeo",
      "pt-pt" : "Formato MP4 para Vimeo",
      "es" : "MP4 Video para Vimeo",
      "en" : "MP4 Video for Vimeo",
      "zh-hans" : "适用于Vimeo的MP4视频",
      "ja" : "Vimeo用MP4動画"
    },
    "Recommend" : false,
    "KeyWords" : "",
    "VideoCodec" : "H264",
    "Resolution" : ""
  },
  "Audio" : {
    "TrackNumLimit" : 1,
    "DefaultCodec" : "aac",
    "CodecsPassthru" : [
      "aac"
    ],
    "Codecs" : [
      {
        "Bitrate" : {
          "Presets" : [
            "96",
            "128",
            "160",
            "192",
            "224",
            "320"
          ],
          "Value" : "128",
          "Editable" : "0"
        },
        "SampleRate" : {
          "Presets" : [
            "44100"
          ],
          "Value" : "44100",
          "Editable" : "0"
        },
        "Channel" : {
          "Presets" : [
            "2"
          ],
          "Value" : "2",
          "Editable" : "0"
        },
        "Codec" : "aac"
      }
    ]
  },
  "Type" : "GenericVideo",
  "PadForce" : false,
  "PadValue" : false,
  "CustomProfile" : 0,
  "Subtitle" : {
    "TrackNumLimit" : 1,
    "AllowImageSubTrack" : false,
    "BurnedInDefault" : true
  }
}