{
  "Extension" : "wmv",
  "Quality" : 3,
  "ToDevice" : [
    "iTunes"
  ],
  "Video" : {
    "TrackNumLimit" : 1,
    "DefaultCodec" : "wmv2",
    "Codecs" : [
      {
        "Aspect" : {
          "Presets" : [
            "keep original",
            "16:10",
            "16:9",
            "4:3",
            "3:2",
            "5:4",
            "5:3",
            "1:1",
            "2.21:1",
            "2.35:1",
            "2.39:1"
          ],
          "Value" : "keep original",
          "Editable" : 0
        },
        "Bitrate" : {
          "Presets" : [
            "Auto Calculate",
            "Manual"
          ],
          "2PassEncode" : false,
          "Value" : "Auto Calculate",
          "Editable" : false,
          "Mode" : "CBR"
        },
        "BFrames" : {
          "Presets" : [
            "0",
            "1",
            "2",
            "3",
            "4",
            "5",
            "6",
            "7",
            "8",
            "9",
            "10",
            "11",
            "12",
            "13",
            "14",
            "15",
            "16"
          ],
          "Value" : "0",
          "Editable" : false
        },
        "GOP" : 250,
        "FrameRate" : {
          "Presets" : [
            "keep original",
            "15",
            "23.976",
            "24",
            "25",
            "29.97",
            "30",
            "50",
            "59.94",
            "60"
          ],
          "Value" : "23.976",
          "Editable" : 0
        },
        "Limit" : {
          "MaxWidth" : -1,
          "MaxFrameRate" : -1,
          "MaxHeight" : -1,
          "MaxBitRate" : -1,
          "AllowBFrames" : -1,
          "AllowPassthrough" : 1
        },
        "Resolution" : {
          "Presets" : [
            "keep original",
            "320x240",
            "480x320",
            "640x480",
            "720x480",
            "960x640",
            "1280x720",
            "1280x800",
            "1920x1080"
          ],
          "Modified" : false,
          "Value" : "keep original",
          "Editable" : 1
        },
        "Codec" : "wmv2"
      }
    ]
  },
  "ID" : 1000067,
  "Target" : "",
  "Comment" : "",
  "Summary" : {
    "Titles" : {
      "fr" : "Vidéo WMV(WMV2)",
      "ko" : "WMV Video (WMV2)",
      "zh-hant" : "WMV (WMV2)",
      "de" : "WMV Video (WMV2)",
      "it" : "WMV Video (WMV2)",
      "pt-pt" : "WMV Video (WMV2)",
      "es" : "WMV Video (WMV2)",
      "en" : "WMV Video (WMV2)",
      "zh-hans" : "WMV (WMV2)",
      "ja" : "WMV動画 (WMV2)"
    },
    "ShortTitles" : {
      "fr" : "WMV",
      "ko" : "WMV",
      "zh-hant" : "WMV",
      "de" : "WMV",
      "zh-hans" : "WMV",
      "it" : "WMV",
      "pt-pt" : "WMV",
      "en" : "WMV",
      "es" : "WMV",
      "ja" : "WMV"
    },
    "AudioCodec" : "WMAV2",
    "Descriptions" : {
      "fr" : "Format WMV pour le réseau",
      "ko" : "홈페이지에 적용되는 WMV비디오",
      "zh-hant" : "適用於網頁的WMV影片",
      "de" : "WMV Videoformat für Web",
      "it" : "Video WMV adatto per pagina web",
      "pt-pt" : "Formato WMV para páginas de web",
      "es" : "Vídeo WMV para la Web",
      "en" : "WMV Video format for Web",
      "zh-hans" : "适用于网页的WMV视频",
      "ja" : "ウェブ動画用WMV形式"
    },
    "Recommend" : false,
    "KeyWords" : "",
    "VideoCodec" : "WMV2",
    "Resolution" : ""
  },
  "Audio" : {
    "TrackNumLimit" : 1,
    "DefaultCodec" : "wmav2",
    "CodecsPassthru" : [
      "wmav2"
    ],
    "Codecs" : [
      {
        "Bitrate" : {
          "Presets" : [
            "32",
            "40",
            "48",
            "56",
            "64",
            "80",
            "96",
            "128",
            "160",
            "192",
            "224",
            "256",
            "320"
          ],
          "Value" : "128",
          "Editable" : "0"
        },
        "SampleRate" : {
          "Presets" : [
            "16000",
            "22050",
            "32000",
            "44100",
            "48000"
          ],
          "Value" : "44100",
          "Editable" : "0"
        },
        "Channel" : {
          "Presets" : [
            "2",
            "4",
            "6"
          ],
          "Value" : "2",
          "Editable" : "0"
        },
        "Codec" : "wmav2"
      }
    ]
  },
  "Type" : "GenericVideo",
  "PadForce" : false,
  "PadValue" : false,
  "CustomProfile" : 0,
  "Subtitle" : {
    "TrackNumLimit" : 0,
    "AllowImageSubTrack" : false,
    "BurnedInDefault" : true
  }
}