{
  "Extension" : "flv",
  "Quality" : 3,
  "ToDevice" : [

  ],
  "Video" : {
    "TrackNumLimit" : 1,
    "DefaultCodec" : "h.264",
    "Codecs" : [
      {
        "Aspect" : {
          "Presets" : [
            "keep original",
            "16:10",
            "16:9",
            "4:3",
            "3:2",
            "5:4",
            "5:3",
            "1:1",
            "2.21:1",
            "2.35:1",
            "2.39:1"
          ],
          "Value" : "keep original",
          "Editable" : 1
        },
        "Bitrate" : {
          "Presets" : [
            "Auto Calculate",
            "Manual"
          ],
          "2PassEncode" : false,
          "Value" : "Auto Calculate",
          "Editable" : false,
          "Mode" : "CBR"
        },
        "BFrames" : {
          "Presets" : [
            "0",
            "1",
            "2",
            "3",
            "4",
            "5",
            "6",
            "7",
            "8",
            "9",
            "10",
            "11",
            "12",
            "13",
            "14",
            "15",
            "16"
          ],
          "Value" : "0",
          "Editable" : false
        },
        "GOP" : 250,
        "FrameRate" : {
          "Presets" : [
            "keep original",
            "15",
            "23.976",
            "24",
            "25",
            "29.97",
            "30",
            "50",
            "59.94",
            "60"
          ],
          "Value" : "23.976",
          "Editable" : 0
        },
        "Limit" : {
          "MaxWidth" : -1,
          "MaxFrameRate" : -1,
          "MaxHeight" : -1,
          "MaxBitRate" : -1,
          "AllowBFrames" : -1,
          "AllowPassthrough" : 1
        },
        "Resolution" : {
          "Presets" : [
            "320x180",
            "320x240",
            "640x480",
            "960x640"
          ],
          "Modified" : false,
          "Value" : "640x480",
          "Editable" : 1
        },
        "Codec" : "h263"
      },
      {
        "Aspect" : {
          "Presets" : [
            "keep original",
            "16:10",
            "16:9",
            "4:3",
            "3:2",
            "5:4",
            "5:3",
            "1:1",
            "2.21:1",
            "2.35:1",
            "2.39:1"
          ],
          "Value" : "keep original",
          "Editable" : 1
        },
        "Resolution" : {
          "Presets" : [
            "320x180",
            "320x240",
            "640x480",
            "960x640"
          ],
          "Modified" : false,
          "Value" : "640x480",
          "Editable" : 1
        },
        "Bitrate" : {
          "Presets" : [
            "Auto Calculate",
            "Manual"
          ],
          "2PassEncode" : false,
          "Value" : "Auto Calculate",
          "Editable" : false,
          "Mode" : "CBR"
        },
        "BFrames" : {
          "Presets" : [
            "0",
            "1",
            "2",
            "3",
            "4",
            "5",
            "6",
            "7",
            "8",
            "9",
            "10",
            "11",
            "12",
            "13",
            "14",
            "15",
            "16"
          ],
          "Value" : "0",
          "Editable" : false
        },
        "GOP" : 250,
        "ProfileLevel" : {
          "Presets" : [
            "baseline",
            "main",
            "high"
          ],
          "Value" : "main",
          "Editable" : false,
          "Level" : "4.2"
        },
        "FrameRate" : {
          "Presets" : [
            "keep original",
            "15",
            "23.976",
            "24",
            "25",
            "29.97",
            "30",
            "50",
            "59.94",
            "60"
          ],
          "Value" : "23.976",
          "Editable" : 0
        },
        "Codec" : "h.264",
        "Limit" : {
          "MaxWidth" : -1,
          "MaxFrameRate" : -1,
          "MaxHeight" : -1,
          "MaxBitRate" : -1,
          "AllowBFrames" : -1,
          "AllowPassthrough" : 1
        }
      }
    ]
  },
  "ID" : 1000032,
  "Target" : "",
  "Comment" : "",
  "Summary" : {
    "Titles" : {
      "fr" : "Vidéo FLV",
      "ko" : "FLV 비디오",
      "zh-hant" : "FLV",
      "de" : "FLV Video",
      "it" : "FLV video",
      "pt-pt" : "Vídeo FLV",
      "es" : "Vídeo de FLV",
      "en" : "FLV Video",
      "zh-hans" : "FLV",
      "ja" : "FLV動画"
    },
    "ShortTitles" : {
      "fr" : "FLV",
      "ko" : "FLV",
      "zh-hant" : "FLV",
      "de" : "FLV",
      "zh-hans" : "FLV",
      "it" : "FLV",
      "pt-pt" : "FLV",
      "en" : "FLV",
      "es" : "FLV",
      "ja" : "FLV"
    },
    "AudioCodec" : "MP3",
    "Descriptions" : {
      "fr" : "Format FLV pour Facebook",
      "ko" : "Facebook에 적용되는 FLV비디오",
      "zh-hant" : "適用於Facebook的FLV影片",
      "de" : "FLV Video für Facebook",
      "it" : "Video FLV adatto per Facebook",
      "pt-pt" : "Formato FLV para Facebook",
      "es" : "FLV Video para Facebook",
      "en" : "FLV Video for Facebook",
      "zh-hans" : "适用于Facebook的FLV视频",
      "ja" : "ウェブ動画"
    },
    "Recommend" : false,
    "KeyWords" : "",
    "VideoCodec" : "H264",
    "Resolution" : ""
  },
  "Audio" : {
    "TrackNumLimit" : 1,
    "DefaultCodec" : "mp3",
    "CodecsPassthru" : [
      "mp3"
    ],
    "Codecs" : [
      {
        "Bitrate" : {
          "Presets" : [
            "32",
            "40",
            "48",
            "56",
            "64",
            "80",
            "96",
            "112",
            "128",
            "160",
            "192",
            "224",
            "256",
            "320"
          ],
          "Value" : "64",
          "Editable" : "0"
        },
        "SampleRate" : {
          "Presets" : [
            "32000",
            "44100"
          ],
          "Value" : "44100",
          "Editable" : "0"
        },
        "Channel" : {
          "Presets" : [
            "2"
          ],
          "Value" : "2",
          "Editable" : "0"
        },
        "Codec" : "mp3"
      }
    ]
  },
  "Type" : "GenericVideo",
  "PadForce" : false,
  "PadValue" : false,
  "CustomProfile" : 0,
  "Subtitle" : {
    "TrackNumLimit" : 0,
    "AllowImageSubTrack" : false,
    "BurnedInDefault" : true
  }
}