{
  "Extension" : "gif",
  "Quality" : 3,
  "ToDevice" : [

  ],
  "Video" : {
    "TrackNumLimit" : 1,
    "DefaultCodec" : "gif",
    "Codecs" : [
      {
        "Aspect" : {
          "Presets" : [
            "keep original",
            "16:10",
            "16:9",
            "4:3",
            "3:2",
            "5:4",
            "5:3",
            "1:1",
            "2.21:1",
            "2.35:1",
            "2.39:1"
          ],
          "Value" : "keep original",
          "Editable" : false
        },
        "Resolution" : {
          "Presets" : [
            "keep original",
            "320x240",
            "480x320",
            "640x480",
            "720x480",
            "960x640",
            "1280x720",
            "1920x1080"
          ],
          "Modified" : false,
          "Value" : "640x480",
          "Editable" : true
        },
        "Bitrate" : {
          "Presets" : [
            "Auto Calculate",
            "Manual"
          ],
          "2PassEncode" : false,
          "Value" : "Auto Calculate",
          "Editable" : false,
          "Mode" : "CBR"
        },
        "BFrames" : {
          "Presets" : [
            "0",
            "1",
            "2",
            "3",
            "4",
            "5",
            "6",
            "7",
            "8",
            "9",
            "10",
            "11",
            "12",
            "13",
            "14",
            "15",
            "16"
          ],
          "Value" : "0",
          "Editable" : false
        },
        "GOP" : 250,
        "FrameRate" : {
          "Presets" : [
            "0.5",
            "1",
            "2",
            "5",
            "10"
          ],
          "Value" : "1",
          "Editable" : true
        },
        "Codec" : "gif",
        "ProfileLevel" : {
          "Presets" : [
            "baseline",
            "main",
            "high"
          ],
          "Value" : "main",
          "Editable" : false,
          "Level" : "4.1"
        },
        "Limit" : {
          "MaxWidth" : -1,
          "MaxFrameRate" : -1,
          "MaxHeight" : -1,
          "MaxBitRate" : -1,
          "AllowBFrames" : -1,
          "AllowPassthrough" : 1
        }
      }
    ]
  },
  "ID" : 1000150,
  "Target" : "tool_gif",
  "Comment" : "",
  "Summary" : {
    "Titles" : {
      "fr" : "Vidéo en GIF",
      "zh-hant" : "影片轉GIF",
      "de" : "Video zu GIF",
      "zh-hans" : "视频转换为GIF",
      "es" : "Vídeo a GIF",
      "en" : "Video to GIF",
      "ja" : "GIF作成"
    },
    "ShortTitles" : {
      "fr" : "GIF",
      "zh-hant" : "GIF",
      "de" : "GIF",
      "zh-hans" : "GIF",
      "es" : "GIF",
      "en" : "GIF",
      "ja" : "GIF作成"
    },
    "AudioCodec" : "",
    "Descriptions" : {
      "fr" : "Convertir une vidéo en format GIF",
      "zh-hant" : "將影片片段轉為GIF動畫格式",
      "de" : "Video zu GIF konvertieren",
      "zh-hans" : "将视频片段转为GIF动画格式",
      "es" : "Convierte vídeo a imagen en formato GIF",
      "en" : "Convert a video to moving picture GIF format",
      "ja" : "ビデオを動画像GIF形式に変換する"
    },
    "Recommend" : false,
    "KeyWords" : "",
    "VideoCodec" : "GIF",
    "Resolution" : ""
  },
  "Type" : "VideoTool",
  "PadValue" : false,
  "PadForce" : false,
  "CustomProfile" : 0
}