{
  "Extension" : "webm",
  "Quality" : 3,
  "ToDevice" : [

  ],
  "Video" : {
    "TrackNumLimit" : 1,
    "DefaultCodec" : "vp8",
    "Codecs" : [
      {
        "Aspect" : {
          "Presets" : [
            "keep original",
            "16:10",
            "16:9",
            "4:3",
            "3:2",
            "5:4",
            "5:3",
            "1:1",
            "2.21:1",
            "2.35:1",
            "2.39:1",
            "10:16",
            "9:16",
            "3:4",
            "2:3",
            "4:5",
            "3:5",
            "1:2.21",
            "1:2.35",
            "1:2.39"
          ],
          "Value" : "keep original",
          "Editable" : false
        },
        "Resolution" : {
          "Presets" : [
            "keep original",
            "320x240",
            "480x320",
            "640x480",
            "720x480",
            "960x640",
            "1280x720",
            "1920x1080",
            "1080x1920",
            "720x1280",
            "640x960",
            "480x720",
            "480x640",
            "320x480",
            "240x320"
          ],
          "Modified" : false,
          "Value" : "1280x720",
          "Editable" : true
        },
        "Bitrate" : {
          "Presets" : [
            "Auto Calculate",
            "Manual"
          ],
          "2PassEncode" : false,
          "Value" : "Auto Calculate",
          "Editable" : false,
          "Mode" : "CBR"
        },
        "BFrames" : {
          "Presets" : [
            "0",
            "1",
            "2",
            "3",
            "4",
            "5",
            "6",
            "7",
            "8",
            "9",
            "10",
            "11",
            "12",
            "13",
            "14",
            "15",
            "16"
          ],
          "Value" : "0",
          "Editable" : false
        },
        "GOP" : 250,
        "FrameRate" : {
          "Presets" : [
            "keep original",
            "15",
            "23.976",
            "24",
            "25",
            "29.97",
            "30",
            "50",
            "59.94",
            "60"
          ],
          "Value" : "29.97",
          "Editable" : false
        },
        "Codec" : "vp8",
        "ProfileLevel" : {
          "Presets" : [
            "baseline",
            "main",
            "high"
          ],
          "Value" : "main",
          "Editable" : false,
          "Level" : "4.1"
        },
        "Limit" : {
          "MaxWidth" : -1,
          "MaxFrameRate" : -1,
          "MaxHeight" : -1,
          "MaxBitRate" : -1,
          "AllowBFrames" : -1,
          "AllowPassthrough" : 1
        }
      },
      {
        "Aspect" : {
          "Presets" : [
            "keep original",
            "16:10",
            "16:9",
            "4:3",
            "3:2",
            "5:4",
            "5:3",
            "1:1",
            "2.21:1",
            "2.35:1",
            "2.39:1",
            "10:16",
            "9:16",
            "3:4",
            "2:3",
            "4:5",
            "3:5",
            "1:2.21",
            "1:2.35",
            "1:2.39"
          ],
          "Value" : "keep original",
          "Editable" : false
        },
        "FrameRate" : {
          "Presets" : [
            "keep original",
            "15",
            "23.976",
            "24",
            "25",
            "29.97",
            "30",
            "50",
            "59.94",
            "60"
          ],
          "Value" : "29.97",
          "Editable" : false
        },
        "Bitrate" : {
          "Presets" : [
            "Auto Calculate",
            "Manual"
          ],
          "2PassEncode" : false,
          "Value" : "Auto Calculate",
          "Editable" : false,
          "Mode" : "CBR"
        },
        "BFrames" : {
          "Presets" : [
            "0",
            "1",
            "2",
            "3",
            "4",
            "5",
            "6",
            "7",
            "8",
            "9",
            "10",
            "11",
            "12",
            "13",
            "14",
            "15",
            "16"
          ],
          "Value" : "0",
          "Editable" : false
        },
        "ProfileLevel" : {
          "Presets" : [
            "baseline",
            "main",
            "high"
          ],
          "Value" : "main",
          "Editable" : false,
          "Level" : "4.1"
        },
        "Codec" : "vp9",
        "Limit" : {
          "MaxWidth" : -1,
          "MaxFrameRate" : -1,
          "MaxHeight" : -1,
          "MaxBitRate" : -1,
          "AllowBFrames" : -1,
          "AllowPassthrough" : true
        },
        "Resolution" : {
          "Presets" : [
            "keep original",
            "320x240",
            "480x320",
            "640x480",
            "720x480",
            "960x640",
            "1280x720",
            "1920x1080",
            "1080x1920",
            "720x1280",
            "640x960",
            "480x720",
            "480x640",
            "320x480",
            "240x320"
          ],
          "Modified" : false,
          "Value" : "960x640",
          "Editable" : true
        },
        "GOP" : 250
      }
    ]
  },
  "ID" : 1000229,
  "Target" : "",
  "Comment" : "",
  "Summary" : {
    "Titles" : {
      "fr" : "Vidéo WEBM",
      "ko" : "WEBM Video",
      "zh-hant" : "WEBM",
      "de" : "WEBM Video",
      "it" : "WEBM Video",
      "pt-pt" : "WEBM Video",
      "es" : "WEBM Video",
      "en" : "WEBM Video",
      "zh-hans" : "WEBM",
      "ja" : "WEBM動画"
    },
    "ShortTitles" : {
      "fr" : "WEBM",
      "ko" : "WEBM",
      "zh-hant" : "WEBM",
      "de" : "WEBM",
      "it" : "WEBM",
      "pt-pt" : "WEBM",
      "es" : "WEBM",
      "en" : "WEBM",
      "zh-hans" : "WEBM",
      "ja" : "WEBM"
    },
    "AudioCodec" : "VORBIS",
    "Descriptions" : {
      "fr" : "Format audio\/vidéo Web média compressé ouverte, utilisé pour la vidéo HTML5",
      "ko" : "오픈 워버 오디오\/비디오 미디어 컴프레션, 멀티유스와 HTML5",
      "zh-hant" : "開放式的高畫質影片檔格式，以配合HTML5使用",
      "de" : "Offenes komprimiertes Web Media Format für HTML5 Video",
      "it" : "Open web audio \/ video media compressione, usato con HTML5",
      "pt-pt" : "Compressão aberta de média de audio e vídeo de página de web, usada em HTML 5",
      "es" : "Audio \/ vídeo de compresión de web, usado con HTML5",
      "en" : "Opening Compression Web Media Format, used for HTML5 Video",
      "zh-hans" : "开放的网页音\/视频媒体压缩, 多用于HTML5",
      "ja" : "通常動画用WEBM形式"
    },
    "Recommend" : false,
    "Comments" : "",
    "VideoCodec" : "VP8",
    "KeyWords" : ""
  },
  "Audio" : {
    "TrackNumLimit" : 8,
    "DefaultCodec" : "Vorbis",
    "CodecsPassthru" : [
      "vorbis"
    ],
    "Codecs" : [
      {
        "Bitrate" : {
          "Presets" : [
            "192",
            "160",
            "128",
            "112",
            "96"
          ],
          "Value" : "128",
          "Editable" : false
        },
        "SampleRate" : {
          "Presets" : [
            "48000",
            "44100",
            "32000"
          ],
          "Value" : "44100",
          "Editable" : false
        },
        "Channel" : {
          "Presets" : [
            "2",
            "1"
          ],
          "Value" : "2",
          "Editable" : false
        },
        "Codec" : "Vorbis"
      }
    ]
  },
  "Type" : "GenericVideo",
  "PadForce" : false,
  "PadValue" : false,
  "CustomProfile" : 0,
  "Subtitle" : {
    "TrackNumLimit" : 0,
    "AllowImageSubTrack" : false,
    "BurnedInDefault" : true
  }
}