{
  "Extension" : "wmv",
  "Quality" : 3,
  "ToDevice" : [

  ],
  "Video" : {
    "TrackNumLimit" : 1,
    "DefaultCodec" : "wmv2",
    "Codecs" : [
      {
        "Aspect" : {
          "Presets" : [
            "keep original",
            "16:10",
            "16:9",
            "4:3",
            "3:2",
            "5:4",
            "5:3",
            "1:1",
            "2.21:1",
            "2.35:1",
            "2.39:1",
            "10:16",
            "9:16",
            "3:4",
            "2:3",
            "4:5",
            "3:5",
            "1:2.21",
            "1:2.35",
            "1:2.39"
          ],
          "Value" : "keep original",
          "Editable" : false
        },
        "Resolution" : {
          "Presets" : [
            "keep original",
            "320x240",
            "480x320",
            "640x480",
            "720x480",
            "960x640",
            "1280x720",
            "1920x1080",
            "1080x1920",
            "720x1280",
            "640x960",
            "480x720",
            "480x640",
            "320x480",
            "240x320"
          ],
          "Modified" : false,
          "Value" : "1920x1080",
          "Editable" : true
        },
        "Bitrate" : {
          "Presets" : [
            "Auto Calculate",
            "Manual"
          ],
          "2PassEncode" : false,
          "Value" : "Auto Calculate",
          "Editable" : false,
          "Mode" : "CBR"
        },
        "BFrames" : {
          "Presets" : [
            "0",
            "1",
            "2",
            "3",
            "4",
            "5",
            "6",
            "7",
            "8",
            "9",
            "10",
            "11",
            "12",
            "13",
            "14",
            "15",
            "16"
          ],
          "Value" : "0",
          "Editable" : false
        },
        "GOP" : 250,
        "FrameRate" : {
          "Presets" : [
            "keep original",
            "15",
            "23.976",
            "24",
            "25",
            "29.97",
            "30"
          ],
          "Value" : "25",
          "Editable" : false
        },
        "Codec" : "wmv2",
        "ProfileLevel" : {
          "Presets" : [
            "baseline",
            "main",
            "high"
          ],
          "Value" : "main",
          "Editable" : false,
          "Level" : "4.1"
        },
        "Limit" : {
          "MaxWidth" : -1,
          "MaxFrameRate" : -1,
          "MaxHeight" : -1,
          "MaxBitRate" : -1,
          "AllowBFrames" : -1,
          "AllowPassthrough" : 1
        }
      }
    ]
  },
  "ID" : 1000110,
  "Target" : "",
  "Comment" : "",
  "Summary" : {
    "Titles" : {
      "fr" : "Vidéo WMV",
      "ko" : "WMV Video",
      "zh-hant" : "WMV",
      "de" : "WMV Video",
      "it" : "WMV Video",
      "pt-pt" : "WMV Video",
      "es" : "Vídeo WMV ",
      "en" : "WMV Video",
      "zh-hans" : "WMV",
      "ja" : "WMV動画"
    },
    "ShortTitles" : {
      "fr" : "WMV",
      "ko" : "WMV",
      "zh-hant" : "WMV",
      "de" : "WMV",
      "it" : "WMV",
      "pt-pt" : "WMV",
      "es" : "WMV",
      "en" : "WMV",
      "zh-hans" : "WMV",
      "ja" : "WMV"
    },
    "AudioCodec" : "WMA2",
    "Descriptions" : {
      "fr" : "Format vidéo WMV",
      "ko" : "WMV비디오",
      "zh-hant" : "由Microsoft開發的數位影片編解碼格式",
      "de" : "WMV Format",
      "it" : "WMV video",
      "pt-pt" : "Vídeo de WMV",
      "es" : "Vídeo WMV",
      "en" : "WMV format",
      "zh-hans" : "WMV视频",
      "ja" : "WMV 動画 "
    },
    "Recommend" : false,
    "Comments" : "",
    "VideoCodec" : "WMV2",
    "KeyWords" : ""
  },
  "Audio" : {
    "TrackNumLimit" : 1,
    "DefaultCodec" : "wma2",
    "CodecsPassthru" : [
      "wma2",
      "wma1"
    ],
    "Codecs" : [
      {
        "Bitrate" : {
          "Presets" : [
            "320",
            "160",
            "128",
            "112",
            "96",
            "80",
            "64",
            "56",
            "48"
          ],
          "Value" : "128",
          "Editable" : false
        },
        "SampleRate" : {
          "Presets" : [
            "48000",
            "44100",
            "32000",
            "22050",
            "16000"
          ],
          "Value" : "44100",
          "Editable" : false
        },
        "Channel" : {
          "Presets" : [
            "2",
            "1"
          ],
          "Value" : "2",
          "Editable" : false
        },
        "Codec" : "wma2"
      }
    ]
  },
  "Type" : "GenericVideo",
  "PadForce" : false,
  "PadValue" : false,
  "CustomProfile" : 0,
  "Subtitle" : {
    "TrackNumLimit" : 1,
    "AllowImageSubTrack" : false,
    "BurnedInDefault" : true
  }
}